affiliate_address,block_height,from_address,from_amount,from_asset,raw_row_text,status,timestamp,to_address,to_amount,to_asset,tx_hash,type
"E195
…
2762
22,170,858
0x01
…
a209
thor
…
jtfj",195276222170858001209,0x015039196efaac531af7381507864b2f2b27a209,,,"E195
…
2762
22,170,858
0x01
…
a209
thor
…
jtfj
	
Swap
	
0.015
ETH
0
	
Success
	
Jul 29 2025 01:06:26 PM (GMT-7)",Success,Jul 29 2025 01:06:26 PM (GMT-7),thor19zk7f55vjmezlwv49fx2x8atpw33a6kmt9jtfj,,,E195D5393810E8C2122BD6588F2852CA362E78D1506648169837847734B22762,Swap
"8573
…
7045
22,170,485
thor
…
m4sl
0x9b
…
aB06",857370452217048540906,thor1jxglhe7n9u2t02cdpls2vgzl3a7392kmwzm4sl,"35,718",TCY,"8573
…
7045
22,170,485
thor
…
m4sl
0x9b
…
aB06
	
Swap
	
35,718
TCY
1.94963301
ETH
	
Success
	
Jul 29 2025 12:28:55 PM (GMT-7)",Success,Jul 29 2025 12:28:55 PM (GMT-7),0x9b3EA9d9C325b6a78e1Ef989F52d6A161922aB06,1.94963301,ETH,85738B9D0F3351540AD67E9C64D2A79F12F82A47DEB8C1A02010058B31907045,Swap
"2A2E
…
E937
22,169,927
dc8u
…
eunt
bc1q
…
xwt2",2293722169927812,dc8uzjencdrkuxzkdjyyegz15sqehweunt,894,DOGE,"2A2E
…
E937
22,169,927
dc8u
…
eunt
bc1q
…
xwt2
	
Swap
	
894
DOGE
0.00167102
BTC
	
Success
	
Jul 29 2025 11:32:34 AM (GMT-7)",Success,Jul 29 2025 11:32:34 AM (GMT-7),bc1qneqdw6lfknahavsxhvvuawjwk9tvw6zsdyxwt2,0.00167102,BTC,2A2E90BA46D7DECCFBC8A5E7807F051DA9424893A14FCC5EFBE0AA4C56C6E937,Swap
"939A
…
680D
22,168,561
thor
…
3ajq
ltc1
…
w4hw",93968022168561314,thor1wl9eusrpf8axpk2v32hdmmmenn2uda8k933ajq,718,RUNE,"939A
…
680D
22,168,561
thor
…
3ajq
ltc1
…
w4hw
	
Swap
	
718
RUNE
9.23321424
LTC
	
Success
	
Jul 29 2025 09:13:41 AM (GMT-7)",Success,Jul 29 2025 09:13:41 AM (GMT-7),ltc1q37v3gqtj094fu8pg9kkyhgxl857d0p6pjpw4hw,9.23321424,LTC,939A6DE13B3704546D5918C03B95488F428C96EA55C6AC587775BB70AC3E680D,Swap
"A036
…
6C0C
22,167,784
bc1q
…
lrly
0x88
…
1090",036602216778410881090,bc1q2ujn26q7sf79a2gljwtkha8ep73pxaew0zlrly,0.0385,BTC,"A036
…
6C0C
22,167,784
bc1q
…
lrly
0x88
…
1090
	
Swap
	
0.0385
BTC
0.03807182
CBBTC
	
Success
	
Jul 29 2025 07:55:05 AM (GMT-7)",Success,Jul 29 2025 07:55:05 AM (GMT-7),0x885809f685376c6504E8Ad3195751A471A2E1090,0.03807182,CBBTC,A03689D045FB54FB55CC1C18EAA67C8542A44CC42E7CDE9269629BA5E43C6C0C,Swap
"270B
…
FAF2
22,167,126
36gl
…
ufri
0xFF
…
f82f",27022216712636082,36gl2fhamxy3xmgzvknlhsgvb8pg18ufri,0.00176597,BTC,"270B
…
FAF2
22,167,126
36gl
…
ufri
0xFF
…
f82f
	
Swap
	
0.00176597
BTC
0.25368172
BNB
	
Success
	
Jul 29 2025 06:48:23 AM (GMT-7)",Success,Jul 29 2025 06:48:23 AM (GMT-7),0xFF6d9e4074F4840C3cbce2B3C3D9b7e667fef82f,0.25368172,BNB,270B08445174A8E88D36AE38DB7B5CE1ED2DBC7B04A9DBF549FC6D569C4BFAF2,Swap
"C62F
…
4C75
22,165,890
ltc1
…
4ehv
0x66
…
25b9",624752216589014066259,ltc1qk3dak3wp7vcpytnsg6lgadcwjm596j306q4ehv,0.8827,LTC,"C62F
…
4C75
22,165,890
ltc1
…
4ehv
0x66
…
25b9
	
Swap
	
0.8827
LTC
3.82908161
AVAX
	
Success
	
Jul 29 2025 04:43:49 AM (GMT-7)",Success,Jul 29 2025 04:43:49 AM (GMT-7),0x66535a9b2Dc8987bA6E8f13c71997d17c96125b9,3.82908161,AVAX,C62FF097C2CD01FCF997B0529FEF897C8BB2B8B1F4D4E2027CCD6CF848024C75,Swap
"AB93
…
7A15
22,165,853
0xca
…
2f11
DSVF
…
6UDZ",937152216585302116,0xcac61f9b88388feee2cbf6ba066b6b6e922c2f11,"14,078.37",USDC,"AB93
…
7A15
22,165,853
0xca
…
2f11
DSVF
…
6UDZ
	
Swap
	
14,078.37
USDC
61,607.14
DOGE
	
Success
	
Jul 29 2025 04:40:07 AM (GMT-7)",Success,Jul 29 2025 04:40:07 AM (GMT-7),DSVFGamLZ71fBxjz5N4xTY76PCvg7c6UDZ,"61,607.14",DOGE,AB93D0EEE610D267854F41AA687525797BDCDF9CA5021D1579EF8199EFD17A15,Swap
"6A48
…
92E7
22,163,928
3fpg
…
kt4b
0xFF
…
f82f",6489272216392834082,3fpglq4ikveewxx6mfthv5psmu4setkt4b,0.00848682,BTC,"6A48
…
92E7
22,163,928
3fpg
…
kt4b
0xFF
…
f82f
	
Swap
	
0.00848682
BTC
1.21052643
BNB
	
Success
	
Jul 29 2025 01:26:24 AM (GMT-7)",Success,Jul 29 2025 01:26:24 AM (GMT-7),0xFF6d9e4074F4840C3cbce2B3C3D9b7e667fef82f,1.21052643,BNB,6A48EF882C0A43471A66AB5665A6EAE807C4D76D1DFA6A98CF0C8053D65692E7,Swap
"DEC2
…
4BFE
22,163,179
daks
…
fdfr
bc1q
…
70q4",24221631791704,dakszmctevuczxiv9cabbdrqq2wzkxfdfr,"4,500",DOGE,"DEC2
…
4BFE
22,163,179
daks
…
fdfr
bc1q
…
70q4
	
Swap
	
4,500
DOGE
0.0086379
BTC
	
Success
	
Jul 29 2025 12:11:14 AM (GMT-7)",Success,Jul 29 2025 12:11:14 AM (GMT-7),bc1qkpcqxd5787gd8xqm7fqxz9308jvjysm0cl70q4,0.0086379,BTC,DEC2D6BC671FA095A4268E7229032F48863FF85A2D6724BD8F1E23E70A3C4BFE,Swap
"8C24
…
9D82
22,156,996
0xa4
…
29c8
thor
…
420n",8249822215699604298420,0xa48a442df24144da95263cda3670603d0f4f29c8,0.178,BNB,"8C24
…
9D82
22,156,996
0xa4
…
29c8
thor
…
420n
	
Swap
	
0.178
BNB
103.43005343
RUNE
	
Success
	
Jul 28 2025 01:50:22 PM (GMT-7)",Success,Jul 28 2025 01:50:22 PM (GMT-7),thor1te2c0kl9w4wfupjfpgvzz8cm3z29ccnzh4420n,103.43005343,RUNE,8C24F89EF0D43405F3FC4882674BF9BC0E15C5878225F88C3B57153B06FD9D82,Swap
"5CD7
…
E99E
22,156,179
thor
…
3ajq
ltc1
…
5jvf",579922156179315,thor1wl9eusrpf8axpk2v32hdmmmenn2uda8k933ajq,"47,700",TCY,"5CD7
…
E99E
22,156,179
thor
…
3ajq
ltc1
…
5jvf
	
Swap
	
47,700
TCY
92.02857838
LTC
	
Success
	
Jul 28 2025 12:28:26 PM (GMT-7)",Success,Jul 28 2025 12:28:26 PM (GMT-7),ltc1qnfle0u3e2lq7hcctmqe3wzdhz6nqhga6f75jvf,92.02857838,LTC,5CD7A6DCDE51A0D31ACBE26FE4C5629495C7D621BDE3529DDD99A825ECBDE99E,Swap
"FA2D
…
6B4E
22,150,831
thor
…
u9fq
bc1q
…
ggj7",26422150831917,thor1saq6vmcsnlgnh875a5gl6fx9vvkk0wc22hu9fq,"19,500",RUNE,"FA2D
…
6B4E
22,150,831
thor
…
u9fq
bc1q
…
ggj7
	
Swap
	
19,500
RUNE
0.24462593
BTC
	
Success
	
Jul 28 2025 03:32:29 AM (GMT-7)",Success,Jul 28 2025 03:32:29 AM (GMT-7),bc1qlqud4rahqp2zh45seqxl7u9p3dl5rm5pw9ggj7,0.24462593,BTC,FA2D5D8A101FDB3B31C66E43C5F9EC45A1E08F6FC5AD56A2628383224C356B4E,Swap
"1A9C
…
AB32
22,150,320
37ft
…
99dm
0xc1
…
43A4",193222150320379901434,37ftq9a6vdjawkbgwvurgzk5u6driz99dm,0.8009,BTC,"1A9C
…
AB32
22,150,320
37ft
…
99dm
0xc1
…
43A4
	
Swap
	
0.8009
BTC
94,514.11
USDC
	
Success
	
Jul 28 2025 02:41:15 AM (GMT-7)",Success,Jul 28 2025 02:41:15 AM (GMT-7),0xc1CB903d9E649B0680866FECDd62a432a40643A4,"94,514.11",USDC,1A9C25DCE93493885661FA9B84F698826B5F6A4A99E8C5C2FA580046DCEBAB32,Swap
"2C5D
…
BDA0
22,150,193
37ft
…
99dm
0xc1
…
43A4",25022150193379901434,37ftq9a6vdjawkbgwvurgzk5u6driz99dm,0.199,BTC,"2C5D
…
BDA0
22,150,193
37ft
…
99dm
0xc1
…
43A4
	
Swap
	
0.199
BTC
23,479.06
USDC
	
Success
	
Jul 28 2025 02:28:34 AM (GMT-7)",Success,Jul 28 2025 02:28:34 AM (GMT-7),0xc1CB903d9E649B0680866FECDd62a432a40643A4,"23,479.06",USDC,2C5DF1E2287BC68CB34497001658A36289766A682D6C86BED2AB0D8F0C0BBDA0,Swap
"276F
…
518B
22,149,400
thor
…
yf9h
bc1q
…
k67p",276518221494009167,thor19f5j762gqnammpzw9wm99hf0hjlfm8hr0lyf9h,"1,177.04",TCY,"276F
…
518B
22,149,400
thor
…
yf9h
bc1q
…
k67p
	
Swap
	
1,177.04
TCY
0.00224145
BTC
	
Success
	
Jul 28 2025 01:09:35 AM (GMT-7)",Success,Jul 28 2025 01:09:35 AM (GMT-7),bc1q8dpsu24jyd5ghk4el7taa8kgrs089az0z7k67p,0.00224145,BTC,276F74DBFCB6BC13B8BF4D0AFE94DD755FB61F2415EF02711B1E25D5BE83518B,Swap
"3DE1
…
1814
22,146,378
qzq6
…
qqy7
ltc1
…
4fr9",3118142214637867149,qzq6wz7f0ya9nf930mc0az5gtqxpdpzjmchv3aqqy7,0.1346,BCH,"3DE1
…
1814
22,146,378
qzq6
…
qqy7
ltc1
…
4fr9
	
Swap
	
0.1346
BCH
0.67780936
LTC
	
Success
	
Jul 27 2025 08:08:16 PM (GMT-7)",Success,Jul 27 2025 08:08:16 PM (GMT-7),ltc1qa3q78l0wtehftrwmxp288mpwkq0w43p7l84fr9,0.67780936,LTC,3DE15AB024312B303002A8121197F92E8FC059B5A9A5D836B5EF8BB74EA31814,Swap
"DF1A
…
2F20
22,144,736
0x72
…
bcbe
bc1q
…
cuw9",12202214473607219,0x72691176a70245dc7aa075e861ad54e38e2dbcbe,0.0227,ETH,"DF1A
…
2F20
22,144,736
0x72
…
bcbe
bc1q
…
cuw9
	
Swap
	
0.0227
ETH
0.00072254
BTC
	
Success
	
Jul 27 2025 05:25:04 PM (GMT-7)",Success,Jul 27 2025 05:25:04 PM (GMT-7),bc1q6ufqw9sxc45jq6kfkl3h56m80t2u3qyn26cuw9,0.00072254,BTC,DF1AAAA99EB313F5339995FFE0623EF96B676BFAC1C63A12D130C5E7929B2F20,Swap
"AE62
…
8084
22,142,862
0x32
…
89a9
thor
…
6qdz",628084221428620328996,0x32c98c22005411efd479b628aade5b0cbaeb89a9,,,"AE62
…
8084
22,142,862
0x32
…
89a9
thor
…
6qdz
	
Add
	
0.1
USDC
AVAX.USDC
	
Success
	
Jul 27 2025 02:18:54 PM (GMT-7)",Success,Jul 27 2025 02:18:54 PM (GMT-7),thor1ef5a0ymhj4zujda8jytehy2s5ekl4sekld6qdz,,,AE622584ADFA29E061FB5DD06E76BC9B67F9D6CDD3896B7BB01FADB110328084,Add
"CA6B
…
847C
22,142,820
thor
…
6qdz
0x32
…
89a9",6847221428206032899,thor1ef5a0ymhj4zujda8jytehy2s5ekl4sekld6qdz,,,"CA6B
…
847C
22,142,820
thor
…
6qdz
0x32
…
89a9
	
Add
	
0.06780219
RUNE
AVAX.USDC
	
Success
	
Jul 27 2025 02:14:43 PM (GMT-7)",Success,Jul 27 2025 02:14:43 PM (GMT-7),0x32c98c22005411efd479b628aade5b0cbaeb89a9,,,CA6B4C853CD3F2D878508E7579037F973E3F93F84DDB7DB0DD8BDBD06850847C,Add
"0112
…
2460
22,142,546
bc1q
…
e9zf
0x28
…
E986",011224602214254619028986,bc1q3lvrur48pfflkpe6ec76yf8m8l0yc4lrcee9zf,0.00427516,BTC,"0112
…
2460
22,142,546
bc1q
…
e9zf
0x28
…
E986
	
Swap
	
0.00427516
BTC
0.13172442
ETH
	
Success
	
Jul 27 2025 01:47:25 PM (GMT-7)",Success,Jul 27 2025 01:47:25 PM (GMT-7),0x28aD597727aF0b4d81e9fe226f7d190868acE986,0.13172442,ETH,0112C487FF5D53D447D78B8D0720BA6AAD47F03B17F6661E510674B6F00D2460,Swap
"1121
…
EE9D
22,141,497
thor
…
k0fh
bc1q
…
l47w",11219221414970147,thor1kaehe4u3k9q3cavdcly3det20ulft5nyvnk0fh,38.2,RUNE,"1121
…
EE9D
22,141,497
thor
…
k0fh
bc1q
…
l47w
	
Swap
	
38.2
RUNE
0.00045347
BTC
	
Success
	
Jul 27 2025 12:02:51 PM (GMT-7)",Success,Jul 27 2025 12:02:51 PM (GMT-7),bc1qkxkz05cy3zxex5p3h7gjv6099zdlr3dfl8l47w,0.00045347,BTC,1121BD76233101830CD2E7391726CD5F8C819AC6D8769F44734FB0C7126BEE9D,Swap
"B97F
…
082E
22,139,476
bc1q
…
2v7s
0xAB
…
43C4",97082221394761270434,bc1q4ddnj79d56rvuxzwd700hjh36ek29kmzxp2v7s,,,"B97F
…
082E
22,139,476
bc1q
…
2v7s
0xAB
…
43C4
	
Swap
	
0.00084385
BTC
0
USDT
	
Pending
	
Jul 27 2025 08:38:01 AM (GMT-7)",Pending,Jul 27 2025 08:38:01 AM (GMT-7),0xAB9B076F4C90692Fd6FFD7740898b0D0763A43C4,,,B97FB86C797B2AA35BD064DF200526C45E70DE1E134FD5C01B9B05AD9C75082E,Swap
"2812
…
D36E
22,137,465
thor
…
ctkn
0x4E
…
bB0C",28123622137465040,thor1gzje2g2qz433uu4djgcpk807jrmap0dz3rctkn,"2,278.79",TCY,"2812
…
D36E
22,137,465
thor
…
ctkn
0x4E
…
bB0C
	
Swap
	
2,278.79
TCY
515.219046
USDC
	
Success
	
Jul 27 2025 05:14:00 AM (GMT-7)",Success,Jul 27 2025 05:14:00 AM (GMT-7),0x4E25231dc14cA60FDfaF97582eBBd4e21cBFbB0C,515.219046,USDC,28124B7E25E0B9CFB0E2D96A0BD1A975114A2BC6963969C711D3A4A00540D36E,Swap
"61A1
…
2D33
22,137,434
thor
…
ctkn
0x4E
…
bB0C",61123322137434040,thor1gzje2g2qz433uu4djgcpk807jrmap0dz3rctkn,"1,304.82",TCY,"61A1
…
2D33
22,137,434
thor
…
ctkn
0x4E
…
bB0C
	
Swap
	
1,304.82
TCY
0.07703975
ETH
	
Success
	
Jul 27 2025 05:10:53 AM (GMT-7)",Success,Jul 27 2025 05:10:53 AM (GMT-7),0x4E25231dc14cA60FDfaF97582eBBd4e21cBFbB0C,0.07703975,ETH,61A1087536912F94D47E3A9CB7202B6A28DD41AEE5375B96DFF7452A11402D33,Swap
"CAAD
…
5A79
22,137,426
thor
…
ctkn
0x4E
…
bB0C",57922137426040,thor1gzje2g2qz433uu4djgcpk807jrmap0dz3rctkn,"1,304.82",TCY,"CAAD
…
5A79
22,137,426
thor
…
ctkn
0x4E
…
bB0C
	
Swap
	
1,304.82
TCY
0.37053846
BNB
	
Success
	
Jul 27 2025 05:10:04 AM (GMT-7)",Success,Jul 27 2025 05:10:04 AM (GMT-7),0x4E25231dc14cA60FDfaF97582eBBd4e21cBFbB0C,0.37053846,BNB,CAAD4EC907A37C1C4D71D4F0993286E6109B0A2E38413492C8987904BAE75A79,Swap
"6119
…
2672
22,137,403
thor
…
ctkn
bc1q
…
uqyt",61192672221374031,thor1gzje2g2qz433uu4djgcpk807jrmap0dz3rctkn,"4,349.42",TCY,"6119
…
2672
22,137,403
thor
…
ctkn
bc1q
…
uqyt
	
Swap
	
4,349.42
TCY
0.00835599
BTC
	
Success
	
Jul 27 2025 05:07:46 AM (GMT-7)",Success,Jul 27 2025 05:07:46 AM (GMT-7),bc1q6v2t2dzez8l6gvm7pptn4qdcs4fekqmqakuqyt,0.00835599,BTC,611917B6ADD4375263E4DA3B43C9CB8020DBC6E20BDEC5D8B5A05EA4112E2672,Swap
"9FA9
…
88D2
22,137,363
thor
…
ctkn
0x4E
…
bB0C",9988222137363040,thor1gzje2g2qz433uu4djgcpk807jrmap0dz3rctkn,804.64428503,TCY,"9FA9
…
88D2
22,137,363
thor
…
ctkn
0x4E
…
bB0C
	
Swap
	
804.64428503
TCY
182.888934
USDC
	
Success
	
Jul 27 2025 05:03:44 AM (GMT-7)",Success,Jul 27 2025 05:03:44 AM (GMT-7),0x4E25231dc14cA60FDfaF97582eBBd4e21cBFbB0C,182.888934,USDC,9FA9C15643B5CD3A1A845B60A7325756E4DB86A96BCCE255F921A55FAC4E88D2,Swap
"3165
…
657A
22,137,028
qppa
…
7ua8
0x91
…
E3c1",3165657221370287809131,qppal3vahpqhs77uj37vlx6epqdyk2w4eudkj47ua8,1.669,BCH,"3165
…
657A
22,137,028
qppa
…
7ua8
0x91
…
E3c1
	
Swap
	
1.669
BCH
0.257725
ETH
	
Success
	
Jul 27 2025 04:29:48 AM (GMT-7)",Success,Jul 27 2025 04:29:48 AM (GMT-7),0x9110652903dFb72279FF4a9b41C60887D7B4E3c1,0.257725,ETH,3165679E815BA8346F5340A17EB1B2CB12C2ED5BA79130E4D955C24D2F7F657A,Swap
"8243
…
AA2E
22,136,706
qz5t
…
g9fq
0x7E
…
B787",82432221367065907787,qz5tlyqyjmhw66mnlr3xzqp975xqhduykvk2ftg9fq,0.9745,BCH,"8243
…
AA2E
22,136,706
qz5t
…
g9fq
0x7E
…
B787
	
Swap
	
0.9745
BCH
0.15066985
ETH
	
Success
	
Jul 27 2025 03:56:56 AM (GMT-7)",Success,Jul 27 2025 03:56:56 AM (GMT-7),0x7E55C5A6A1b329b16721529B544016FF228AB787,0.15066985,ETH,824377A422D1F512C582864FA4DA4C9763CCD93BFD6359665CD141AC650DAA2E,Swap
"69A9
…
AB93
22,135,557
qr7f
…
ylp6
0x7E
…
B787",69993221355577607787,qr7f2rjwp4agffjhz53dqy9fjvdfdjauvv5jkeylp6,0.01,BCH,"69A9
…
AB93
22,135,557
qr7f
…
ylp6
0x7E
…
B787
	
Swap
	
0.01
BCH
4.811969
USDT
	
Success
	
Jul 27 2025 02:00:24 AM (GMT-7)",Success,Jul 27 2025 02:00:24 AM (GMT-7),0x7E55C5A6A1b329b16721529B544016FF228AB787,4.811969,USDT,69A9F20F002205557BA19BB869FE86C7AD15D1FEFB54F1B910465162B5B4AB93,Swap
"E724
…
BAA0
22,128,651",724022128651039,0xba2cbccf92a726cfc7591119b487f51b4c1b39dc,,,"E724
…
BAA0
22,128,651
0xba
…
39dc
	
Add
	
19,405.18
FOX
ETH.FOX
	
Success
	
Jul 26 2025 02:23:52 PM (GMT-7)",Success,Jul 26 2025 02:23:52 PM (GMT-7),"E724
…
BAA0
22,128,651
0xba
…
39dc",,,E7249C1D67E70C399963CA3E8153EE610B8C749E62087E75579DE07E1E6ABAA0,Add
"758E
…
7D8F
22,125,598
bc1q
…
qmr9
thor
…
neg4",7587822125598194,bc1qvfnachv4crldzgy55864xw4tsgedgjt742qmr9,0.06027253,BTC,"758E
…
7D8F
22,125,598
bc1q
…
qmr9
thor
…
neg4
	
Swap
	
0.06027253
BTC
4,740.98
RUNE
	
Success
	
Jul 26 2025 09:14:37 AM (GMT-7)",Success,Jul 26 2025 09:14:37 AM (GMT-7),thor1vvyc205nqzk0kzvg7r0kvre2pgf7q8z0r7neg4,"4,740.98",RUNE,758E63F76CF47E2512317E31137F0CAC8D82927663A4A5C48866FD5675717D8F,Swap
"7580
…
61E4
22,125,300
bc1q
…
3au5
thor
…
7xjq",7580614221253001357,bc1qrjufvl3up3yrtramw9ght6hrskt8ks6lqc3au5,0.07140522,BTC,"7580
…
61E4
22,125,300
bc1q
…
3au5
thor
…
7xjq
	
Swap
	
0.07140522
BTC
5,627.01
RUNE
	
Success
	
Jul 26 2025 08:44:12 AM (GMT-7)",Success,Jul 26 2025 08:44:12 AM (GMT-7),thor1hn2mq9s635pm86cgxn0m5mpt67n5v56v8g7xjq,"5,627.01",RUNE,758051BB43391DACAA28199325EC7E831DEB8F838C7AEA83A9565191B38B61E4,Swap
"9FC2
…
4907
22,123,701
0x7e
…
379f
bc1q
…
dzac",92490722123701073791,0x7e165c61c91c666db6fa44118e948593ab29379f,39.8471,ETH,"9FC2
…
4907
22,123,701
0x7e
…
379f
bc1q
…
dzac
	
Swap
	
39.8471
ETH
1.25283749
BTC
	
Success
	
Jul 26 2025 06:02:29 AM (GMT-7)",Success,Jul 26 2025 06:02:29 AM (GMT-7),bc1q4puv3c6qpy0eu8y2sy7u9zvevdygps08n9dzac,1.25283749,BTC,9FC2132210A0C730049D84035E2B963353522A0B1581F530914DBEB834B44907,Swap
"5027
…
A3D8
22,123,572
0x26
…
56e3
bc1q
…
gl27",50273822123572026563127,0x26e88c19fc964d2f8aaffbdfe1c187d7169156e3,0.15019268,ETH,"5027
…
A3D8
22,123,572
0x26
…
56e3
bc1q
…
gl27
	
Swap
	
0.15019268
ETH
0.00472501
BTC
	
Success
	
Jul 26 2025 05:49:25 AM (GMT-7)",Success,Jul 26 2025 05:49:25 AM (GMT-7),bc1q663c59fk5hea057qc45k5zjczzgxd4zvecgl27,0.00472501,BTC,502713D9CE735DBFAD6A3ECD0867A3883B89374A13069510996442CDA961A3D8,Swap
"548F
…
3805
22,123,028
bc1q
…
vdkn
thor
…
5ezr",54838052212302815,bc1qxu6gua4wwgmjd88dyqhdyupxjplztuq750vdkn,0.06989489,BTC,"548F
…
3805
22,123,028
bc1q
…
vdkn
thor
…
5ezr
	
Swap
	
0.06989489
BTC
5,501.89
RUNE
	
Success
	
Jul 26 2025 04:54:49 AM (GMT-7)",Success,Jul 26 2025 04:54:49 AM (GMT-7),thor105kyt0m5wt880vrgx22taz920459r8q8d45ezr,"5,501.89",RUNE,548FBC5481371DA7A3371167037AF079DFDC5A238A2D807C5AD616D527B13805,Swap
"3D5B
…
F657
22,121,493
cosm
…
dc30
thor
…
chsr",356572212149330,cosmos1zy5x878qjkxh9ewa39g7jvvw9kqe2s9vssdc30,0.01,ATOM,"3D5B
…
F657
22,121,493
cosm
…
dc30
thor
…
chsr
	
Swap
	
0.01
ATOM
0.011585
RUNE
	
Success
	
Jul 26 2025 02:19:39 AM (GMT-7)",Success,Jul 26 2025 02:19:39 AM (GMT-7),thor1exv6vuu92txwf24d5nldqyckgk84uj0nexchsr,0.011585,RUNE,3D5B28FF0A2C822083FF293B40CC65F14F024D9C6CCBA2B8BC146E607B18F657,Swap
"AB8C
…
1ADF
22,119,624
14zk
…
ypq6
0xca
…
e834",81221196241460834,14zkpmhaahnj7r9eqc9n8kenhmgf88ypq6,0.00268863,BTC,"AB8C
…
1ADF
22,119,624
14zk
…
ypq6
0xca
…
e834
	
Swap
	
0.00268863
BTC
312.396821
USDC
	
Success
	
Jul 25 2025 11:10:09 PM (GMT-7)",Success,Jul 25 2025 11:10:09 PM (GMT-7),0xcad00c41709b669fabdf1a326a95d0ac1613e834,312.396821,USDC,AB8C103007E382D2CF61FAEBF7F597FA71465B46BB255EA7E3032D1FA78B1ADF,Swap
"14EF
…
2AC2
22,117,283
0xe1
…
ef8c
cosm
…
lfae",142222117283018,0xe1f5dc4869a44eea62a3b58bd8f5d662ec90ef8c,,,"14EF
…
2AC2
22,117,283
0xe1
…
ef8c
cosm
…
lfae
	
Swap
	
3
USDT
0.426406
ATOM
	
Success
	
Jul 25 2025 07:13:53 PM (GMT-7)",Success,Jul 25 2025 07:13:53 PM (GMT-7),cosmos1k5kpf2ejlf4mhdgmfygnsem74dkxa6gk30lfae,,,14EF49B98C042A6920696B9601FF87AE56E0AACA747C8DF757F46EEDCC632AC2,Swap
"CFD3
…
A0C1
22,115,753
dacl
…
dfl5
bc1q
…
3c0q",301221157535130,daclxgdp3uycxtmedxj9gaxgohbtxudfl5,"5,500",DOGE,"CFD3
…
A0C1
22,115,753
dacl
…
dfl5
bc1q
…
3c0q
	
Swap
	
5,500
DOGE
0.01096862
BTC
	
Success
	
Jul 25 2025 04:39:54 PM (GMT-7)",Success,Jul 25 2025 04:39:54 PM (GMT-7),bc1qmjytlp0uquxe64ywgzfuq8tptqyzvpn4ap3c0q,0.01096862,BTC,CFD32EBE2E5B76C558B6A87BBA36AA2A5FAA521239477B7E6974514569E1A0C1,Swap
"0241
…
03B4
22,115,310
bc1q
…
sxhu
0x5d
…
818f",024103422115310105818,bc1qkvfuhamfmysnyh653rva3znh8z25yynpvnsxhu,0.8,BTC,"0241
…
03B4
22,115,310
bc1q
…
sxhu
0x5d
…
818f
	
Swap
	
0.8
BTC
24.99387123
ETH
	
Success
	
Jul 25 2025 03:55:24 PM (GMT-7)",Success,Jul 25 2025 03:55:24 PM (GMT-7),0x5dc07df5a19e957ba9c38f97769c09a7a80e818f,24.99387123,ETH,02417BD2EA2177AC372F211577A0F8EAF9978D904FD3B4AEFC7926F0468C03B4,Swap
"6F70
…
A2B8
22,114,136
bc1q
…
vfsp
thor
…
madc",67028221141361,bc1qkm32jr9zdyvdnlxgf8vw50jx8z09yw7l9rvfsp,0.0998752,BTC,"6F70
…
A2B8
22,114,136
bc1q
…
vfsp
thor
…
madc
	
Swap
	
0.0998752
BTC
7,892.36
RUNE
	
Success
	
Jul 25 2025 01:57:25 PM (GMT-7)",Success,Jul 25 2025 01:57:25 PM (GMT-7),thor19alh0rjhnr94axvclaqm2s2njr0qcamttlmadc,"7,892.36",RUNE,6F70C0EEFFD0460AAA5EB086559848C7B7EB912854A5926170755C7F2AB7A2B8,Swap
"C9C1
…
2A19
22,112,698
bc1q
…
2rrr
thor
…
ls49",91219221126981249,bc1qf985zge0y9c06trcc7jxryvas2s8xmt0z42rrr,0.09494875,BTC,"C9C1
…
2A19
22,112,698
bc1q
…
2rrr
thor
…
ls49
	
Swap
	
0.09494875
BTC
7,611.27
RUNE
	
Success
	
Jul 25 2025 11:32:51 AM (GMT-7)",Success,Jul 25 2025 11:32:51 AM (GMT-7),thor1cjauqyxz8zuwlet4nesezw05q5l9cnaqhfls49,"7,611.27",RUNE,C9C1771D0C4E43E64E5EE009C7824CF3B51917BD9BCEFA4ED1D4E4D0CBAA2A19,Swap
"D62B
…
EFAD
22,111,827
thor
…
klju
0x90
…
51Be",622211182709051,thor122h9hlrugzdny9ct95z6g7afvpzu34s73uklju,"1,486.57",RUNE,"D62B
…
EFAD
22,111,827
thor
…
klju
0x90
…
51Be
	
Swap
	
1,486.57
RUNE
66,982.04
FOX
	
Success
	
Jul 25 2025 10:05:14 AM (GMT-7)",Success,Jul 25 2025 10:05:14 AM (GMT-7),0x90A48D5CF7343B08dA12E067680B4C6dbfE551Be,"66,982.04",FOX,D62BB55EB051DFCE9AB49811B0788F0534C7B36526D03838311A54BA6DE2EFAD,Swap
"6033
…
E9CF
22,111,597
0x95
…
a5c2
bc1q
…
6flm",60339221115970955216,0x953d8c0713c5b27a0ad4272c37b3c11b5042a5c2,29.8783,ETH,"6033
…
E9CF
22,111,597
0x95
…
a5c2
bc1q
…
6flm
	
Swap
	
29.8783
ETH
0.9282193
BTC
	
Success
	
Jul 25 2025 09:42:06 AM (GMT-7)",Success,Jul 25 2025 09:42:06 AM (GMT-7),bc1qp5kn770kkfsnxh5xmvrzzs7rde0rsgqf6h6flm,0.9282193,BTC,6033467CFE198984D4469411A1980484B1977B2F06B022988BD11F13A20AE9CF,Swap
"BD5F
…
B07D
22,110,973
0x40
…
55be
ltc1
…
052v",50722110973040551052,0x404240b3b44323a661c5fcba81edf6e9ec0055be,50,USDC,"BD5F
…
B07D
22,110,973
0x40
…
55be
ltc1
…
052v
	
Swap
	
50
USDC
0.44060497
LTC
	
Success
	
Jul 25 2025 08:39:05 AM (GMT-7)",Success,Jul 25 2025 08:39:05 AM (GMT-7),ltc1qlqhvgfhcfmhdp3a9ujjx2achrs4k04rkru052v,0.44060497,LTC,BD5FD0AB77EC45919390BB84A643D8E13FECCE2A1983E3C1A78DEAD8ED9FB07D,Swap
"8449
…
B047
22,110,727
mejt
…
pgwe
bc1q
…
sv67",844904722110727167,mejtphr8pufgjfowhgtgv5dmc3ubb3pgwe,4.3784646,LTC,"8449
…
B047
22,110,727
mejt
…
pgwe
bc1q
…
sv67
	
Swap
	
4.3784646
LTC
0.00419181
BTC
	
Success
	
Jul 25 2025 08:14:11 AM (GMT-7)",Success,Jul 25 2025 08:14:11 AM (GMT-7),bc1qznutgmdsm2kwfm3j6juy277fcmn9q7nqhtsv67,0.00419181,BTC,8449DFB0FEC1CC1696ADF81B73728FBECE63940F28537A74E31BC091C874B047,Swap
"A47D
…
B69B
22,110,137
bc1q
…
th86
thor
…
l54l",47692211013718654,bc1q5zggmgxwp2z6e4lxdtn7snvqx28xppxkjjth86,0.11984547,BTC,"A47D
…
B69B
22,110,137
bc1q
…
th86
thor
…
l54l
	
Swap
	
0.11984547
BTC
9,513.16
RUNE
	
Success
	
Jul 25 2025 07:14:07 AM (GMT-7)",Success,Jul 25 2025 07:14:07 AM (GMT-7),thor1d82cjgfn3m5thch48gu0seztu9y0xee7zul54l,"9,513.16",RUNE,A47D4E59C8F67B3780D84B5F3ED96F2999D2691BA01F31387CBD447A5158B69B,Swap
"DFB8
…
D39D
22,110,010
ltc1
…
p79d
0x40
…
5f4a",8392211001017904054,ltc1q5urxpf7y40v43xf6pqrf45g4s02yrgkjlvp79d,0.935,LTC,"DFB8
…
D39D
22,110,010
ltc1
…
p79d
0x40
…
5f4a
	
Swap
	
0.935
LTC
4.46353158
AVAX
	
Success
	
Jul 25 2025 07:01:15 AM (GMT-7)",Success,Jul 25 2025 07:01:15 AM (GMT-7),0x407DCCDA6876C72792e73db4c8170e6599a55f4a,4.46353158,AVAX,DFB8B583C20748B12A2FE847B6878E977F32C26689339802F64230A93F0ED39D,Swap
"D453
…
7AD6
22,108,301
bc1q
…
8y2h
thor
…
vjdn",4537622108301182,bc1qt2j3wz0pldakuw3vhkw2lhpr5xzrqjf87u8y2h,0.07280245,BTC,"D453
…
7AD6
22,108,301
bc1q
…
8y2h
thor
…
vjdn
	
Swap
	
0.07280245
BTC
5,752.41
RUNE
	
Success
	
Jul 25 2025 04:08:41 AM (GMT-7)",Success,Jul 25 2025 04:08:41 AM (GMT-7),thor1v7pss0e0u8tleme2vg76mfs87jdm84s2h6vjdn,"5,752.41",RUNE,D453DFFC6031B927854B1207D2963A560750B5594A4C58EEEEC3791D40827AD6,Swap
"922E
…
4D49
22,107,802
bc1q
…
e4qt
thor
…
r6u7",922449221078021467,bc1qjqdrw428qts4xvvw820mtdusq64e2jpgt9e4qt,0.10986261,BTC,"922E
…
4D49
22,107,802
bc1q
…
e4qt
thor
…
r6u7
	
Swap
	
0.10986261
BTC
8,634.92
RUNE
	
Success
	
Jul 25 2025 03:18:19 AM (GMT-7)",Success,Jul 25 2025 03:18:19 AM (GMT-7),thor1p7dh568jt9yhekcgx9tp5t45465ew5jqndr6u7,"8,634.92",RUNE,922EBB751B490794E4B105E26004C36B77BA6D430CC29B133B12E249955A4D49,Swap
"2B49
…
747E
22,107,245
bc1q
…
dyhj
thor
…
97gm",24974722107245197,bc1q7p0ppkdrl5lfqgzz2epcf0jz6qlh8k20qadyhj,0.00059675,BTC,"2B49
…
747E
22,107,245
bc1q
…
dyhj
thor
…
97gm
	
Swap
	
0.00059675
BTC
47.0943369
RUNE
	
Success
	
Jul 25 2025 02:22:04 AM (GMT-7)",Success,Jul 25 2025 02:22:04 AM (GMT-7),thor1m9uhrvl270s3lkmrehuh0njzgytz4v078897gm,47.0943369,RUNE,2B49A260750365523B973EA51597DC1FAED72CEBEFFF518193624A58A982747E,Swap
"447A
…
1E55
22,106,930
bc1q
…
7z4v
thor
…
97gm",4471552210693017497,bc1q0dyux9674r68pdw2vtt6klntfd7xsmyeuv7z4v,0.05928383,BTC,"447A
…
1E55
22,106,930
bc1q
…
7z4v
thor
…
97gm
	
Swap
	
0.05928383
BTC
4,685.14
RUNE
	
Success
	
Jul 25 2025 01:50:12 AM (GMT-7)",Success,Jul 25 2025 01:50:12 AM (GMT-7),thor1m9uhrvl270s3lkmrehuh0njzgytz4v078897gm,"4,685.14",RUNE,447ACFDD5C40F0A16988D5D313FB19125D982304375E006164E633CD95041E55,Swap
"782A
…
61F5
22,101,484
thor
…
v3r8
0x3d
…
dd3a",7826152210148438033,thor1ycgzfpcz93qa0xc392xgk75lfee5vdc59hv3r8,,,"782A
…
61F5
22,101,484
thor
…
v3r8
0x3d
…
dd3a
	
Add
	
1.99520418
RUNE
ETH.GUSD
	
Success
	
Jul 24 2025 04:39:03 PM (GMT-7)",Success,Jul 24 2025 04:39:03 PM (GMT-7),0x3d504949ca5ff1143caca57d75ead1179ba1dd3a,,,782AC0A74B6438A4CC612F90CA6BAB14DC335519D1B6115C11325D1CF13E61F5,Add
"8B22
…
AC85
22,101,210
ltc1
…
dg0w
thor
…
6qdz",8228522101210106,ltc1q3f6udj90zusluvm8x7f2d7mq3xfgvryh8edg0w,0.01,LTC,"8B22
…
AC85
22,101,210
ltc1
…
dg0w
thor
…
6qdz
	
Swap
	
0.01
LTC
0.75367045
RUNE
	
Success
	
Jul 24 2025 04:11:46 PM (GMT-7)",Success,Jul 24 2025 04:11:46 PM (GMT-7),thor1ef5a0ymhj4zujda8jytehy2s5ekl4sekld6qdz,0.75367045,RUNE,8B22A5B24037CB1C16B80259D8A03C212EB689E894CC5BACCAE322A81E08AC85,Swap
"8AE9
…
CB7E
22,101,031
0x32
…
89a9
ltc1
…
dg0w",8972210103103289910,0x32c98c22005411efd479b628aade5b0cbaeb89a9,0.0015,ETH,"8AE9
…
CB7E
22,101,031
0x32
…
89a9
ltc1
…
dg0w
	
Swap
	
0.0015
ETH
0.0401577
LTC
	
Success
	
Jul 24 2025 03:53:53 PM (GMT-7)",Success,Jul 24 2025 03:53:53 PM (GMT-7),ltc1q3f6udj90zusluvm8x7f2d7mq3xfgvryh8edg0w,0.0401577,LTC,8AE9C4AC5A8006EA9C9449574EEE81C05136B3045EC2530C99740AE03D53CB7E,Swap
"1ED9
…
173E
22,100,454
0x43
…
1c7b
ltc1
…
rcxc",1917322100454043171,0x436be73db52d474f66fb15e6dcadfe0e0a421c7b,0.0061,ETH,"1ED9
…
173E
22,100,454
0x43
…
1c7b
ltc1
…
rcxc
	
Swap
	
0.0061
ETH
0.19078055
LTC
	
Success
	
Jul 24 2025 02:56:16 PM (GMT-7)",Success,Jul 24 2025 02:56:16 PM (GMT-7),ltc1qapl8zxxc2xm7mlm33nrmaa2k58rsgpg095rcxc,0.19078055,LTC,1ED9D49D0DD9C1350DA2CCD3583CBC6FC2A9BA89225131D22BDD646F8641173E,Swap
"B43B
…
13C0
22,100,350
bc1q
…
tm36
0xAB
…
43C4",43130221003501360434,bc1qpswq3739vxr9um9wnwj6aw6f3d6cq5ssf4tm36,0.00042168,BTC,"B43B
…
13C0
22,100,350
bc1q
…
tm36
0xAB
…
43C4
	
Swap
	
0.00042168
BTC
48.705303
USDT
	
Success
	
Jul 24 2025 02:45:51 PM (GMT-7)",Success,Jul 24 2025 02:45:51 PM (GMT-7),0xAB9B076F4C90692Fd6FFD7740898b0D0763A43C4,48.705303,USDT,B43B1426C05C27FF49E78B1A3DD97D1AD29C24F8F43718A24EE33BCE960913C0,Swap
"D05D
…
59A8
22,100,336
0xe3
…
80f6
ltc1
…
0e9p",055982210033603806109,0xe3781ae346b34824aab2840e1af7f0d56eab80f6,0.01784,ETH,"D05D
…
59A8
22,100,336
0xe3
…
80f6
ltc1
…
0e9p
	
Swap
	
0.01784
ETH
0.57412777
LTC
	
Success
	
Jul 24 2025 02:44:28 PM (GMT-7)",Success,Jul 24 2025 02:44:28 PM (GMT-7),ltc1qvc3qd4knk8gna82f8fj62n6ekdfxwzvexl0e9p,0.57412777,LTC,D05DAC7EBC5DED5EA359AE25FDD5497054EA6CC534A3CCE6D1986DAA76E159A8,Swap
"DF56
…
8FBF
22,098,858
thor
…
m4sl
0x9b
…
aB06",5682209885840906,thor1jxglhe7n9u2t02cdpls2vgzl3a7392kmwzm4sl,"36,447",TCY,"DF56
…
8FBF
22,098,858
thor
…
m4sl
0x9b
…
aB06
	
Swap
	
36,447
TCY
2.14416872
ETH
	
Success
	
Jul 24 2025 12:16:32 PM (GMT-7)",Success,Jul 24 2025 12:16:32 PM (GMT-7),0x9b3EA9d9C325b6a78e1Ef989F52d6A161922aB06,2.14416872,ETH,DF56698B828FA2AAEE62E4F5C9BAEDAF1A53EE87FFE1286119A2B7A765FE8FBF,Swap
"4C4D
…
D2D6
22,096,622
bc1q
…
6r3y
thor
…
t2ww",4426220966221632,bc1qvql67n9hu65h42l88yehn5695nwf9avk8j6r3y,0.14482042,BTC,"4C4D
…
D2D6
22,096,622
bc1q
…
6r3y
thor
…
t2ww
	
Swap
	
0.14482042
BTC
11,484.98
RUNE
	
Success
	
Jul 24 2025 08:29:47 AM (GMT-7)",Success,Jul 24 2025 08:29:47 AM (GMT-7),thor18096zm00mld5ur9a7kjxpwl0ukx30vq6jht2ww,"11,484.98",RUNE,4C4D6ECD279E58DB3B78B118744C0066CA1091E0C52A7833467EB76DBA5FD2D6,Swap
"2F0E
…
0599
22,095,725
bc1q
…
0gfz
thor
…
2evl",20059922095725102,bc1q88y42zkerzf9jgrruv0m0628jregf3c38f0gfz,0.07988672,BTC,"2F0E
…
0599
22,095,725
bc1q
…
0gfz
thor
…
2evl
	
Swap
	
0.07988672
BTC
6,513.65
RUNE
	
Success
	
Jul 24 2025 06:58:46 AM (GMT-7)",Success,Jul 24 2025 06:58:46 AM (GMT-7),thor18dhfupd9nh4j998wgwy5sf57m0jand37uw2evl,"6,513.65",RUNE,2F0ECA7042AAC3182314D6250FCCB49172CA1208903F5561633D18F848AE0599,Swap
"9FC7
…
8966
22,095,448
thor
…
m4sl
0x9b
…
aB06",9789662209544840906,thor1jxglhe7n9u2t02cdpls2vgzl3a7392kmwzm4sl,"18,408",TCY,"9FC7
…
8966
22,095,448
thor
…
m4sl
0x9b
…
aB06
	
Swap
	
18,408
TCY
1.11813645
ETH
	
Success
	
Jul 24 2025 06:30:43 AM (GMT-7)",Success,Jul 24 2025 06:30:43 AM (GMT-7),0x9b3EA9d9C325b6a78e1Ef989F52d6A161922aB06,1.11813645,ETH,9FC7D6A6D33150F522BBBA778FE1D3DD731B9884229BC91C8976D26EAEA98966,Swap
"A67F
…
ABCF
22,095,342
bc1q
…
stlz
0x13
…
FeCB",67220953421013,bc1qugqxmg6p7w6ae5fw2hp6nh6wp8r4h0lk3hstlz,,,"A67F
…
ABCF
22,095,342
bc1q
…
stlz
0x13
…
FeCB
	
Swap
	
0.0001
BTC
0
USDT
	
Pending
	
Jul 24 2025 06:20:01 AM (GMT-7)",Pending,Jul 24 2025 06:20:01 AM (GMT-7),0x13Cacc46a46eCD29e0FaA3464647E04379c0FeCB,,,A67F2AC85CF84D59F01E5F5D520D863FAB0D3D4A66168445BC2C54C4468DABCF,Swap
"CA71
…
E3E3
22,095,037
bc1q
…
9fcd
thor
…
nhlr",71332209503719,bc1qyjuq5ntljw5e9ecw9z6tgcn7yy86lradk09fcd,0.1198224,BTC,"CA71
…
E3E3
22,095,037
bc1q
…
9fcd
thor
…
nhlr
	
Swap
	
0.1198224
BTC
9,674.24
RUNE
	
Success
	
Jul 24 2025 05:49:09 AM (GMT-7)",Success,Jul 24 2025 05:49:09 AM (GMT-7),thor1330fxp2m7am3lcy93xqyulft3vchq790ylnhlr,"9,674.24",RUNE,CA7179F6A5332C219838619CCF7EA9A653979F255AB348591A49979D9210E3E3,Swap
"E96B
…
498C
22,094,667
bc1q
…
9fcd
thor
…
nhlr",964982209466719,bc1qyjuq5ntljw5e9ecw9z6tgcn7yy86lradk09fcd,0.11984215,BTC,"E96B
…
498C
22,094,667
bc1q
…
9fcd
thor
…
nhlr
	
Swap
	
0.11984215
BTC
0.11983315
BTC
	
Refunded
	
Jul 24 2025 05:11:34 AM (GMT-7)",,Jul 24 2025 05:11:34 AM (GMT-7),thor1330fxp2m7am3lcy93xqyulft3vchq790ylnhlr,0.11983315,BTC,E96B862FE9458611778254E19FCCB4AA962B3B0F3621C89234A38A42A682498C,Swap
"F276
…
4DA4
22,093,122
lunt
…
vvbm
bc1q
…
fecy",27644220931221,luntv5v3pqj38cjosrgdnc5aky6kccvvbm,6.52097286,LTC,"F276
…
4DA4
22,093,122
lunt
…
vvbm
bc1q
…
fecy
	
Swap
	
6.52097286
LTC
0.00617502
BTC
	
Success
	
Jul 24 2025 02:34:49 AM (GMT-7)",Success,Jul 24 2025 02:34:49 AM (GMT-7),bc1qcupwpgyjtjjm7hxrfsqu9txletdegfmdkrfecy,0.00617502,BTC,F276BA5E67FA0BE18CADE16ABAC6B533BD45256A8E640F7F20F155F190A34DA4,Swap
"B3DD
…
8650
22,092,747
0x18
…
35c0
ltc1
…
nzk3",386502209274701835013,0x184404df3e0f282bc6db906e83201ebcd33435c0,4.1745,AVAX,"B3DD
…
8650
22,092,747
0x18
…
35c0
ltc1
…
nzk3
	
Swap
	
4.1745
AVAX
0.85210366
LTC
	
Success
	
Jul 24 2025 01:57:03 AM (GMT-7)",Success,Jul 24 2025 01:57:03 AM (GMT-7),ltc1qnf63ln0fkcmc4a2mwkq64azhpe8dx7w6ccnzk3,0.85210366,LTC,B3DD7FFC78895D5994F38917CCC313577DDE5CB2CFE4B35DC7DC5CF1496B8650,Swap
"9636
…
9776
22,092,089
0xd4
…
1a57
LWP8
…
iyMu",9636977622092089041578,0xd4120f43e3f4f48df86f1183c1ca30adf6991a57,"1,210.78",USDT,"9636
…
9776
22,092,089
0xd4
…
1a57
LWP8
…
iyMu
	
Swap
	
1,210.78
USDT
10.9335504
LTC
	
Success
	
Jul 24 2025 12:50:29 AM (GMT-7)",Success,Jul 24 2025 12:50:29 AM (GMT-7),LWP8RuXZHiYZi1YEfRmwDBdoBSbXfciyMu,10.9335504,LTC,9636E18082E697558E38F747A975463AE3DAB6392DE29220B4BAD198D4B79776,Swap
"36A1
…
A9F5
22,089,364
0xb7
…
98a3
0xB7
…
98a3",36195220893640798307983,0xb727339b80f6b2736d8ecd1faaf547f756d398a3,0.01,ETH,"36A1
…
A9F5
22,089,364
0xb7
…
98a3
0xB7
…
98a3
	
Swap
	
0.01
ETH
0.04508952
BNB
	
Success
	
Jul 23 2025 08:14:42 PM (GMT-7)",Success,Jul 23 2025 08:14:42 PM (GMT-7),0xB727339B80F6B2736D8EcD1FAAf547f756D398a3,0.04508952,BNB,36A11DBF5B9A927F17B24286CFE51D4F2E20747313C2F1F3A61A0F4B6E61A9F5,Swap
"3E1D
…
C2D9
22,087,078
0x3d
…
dd3a
thor
…
v3r8",31292208707803338,0x3d504949ca5ff1143caca57d75ead1179ba1dd3a,0.41562759,AVAX,"3E1D
…
C2D9
22,087,078
0x3d
…
dd3a
thor
…
v3r8
	
Swap
	
0.41562759
AVAX
6.57096211
RUNE
	
Success
	
Jul 23 2025 04:22:28 PM (GMT-7)",Success,Jul 23 2025 04:22:28 PM (GMT-7),thor1ycgzfpcz93qa0xc392xgk75lfee5vdc59hv3r8,6.57096211,RUNE,3E1D4410553A0A08D2389F176B2687C1E930E283436F73C4717F9D9B9BB6C2D9,Swap
"E279
…
1FD8
22,085,615
0xbf
…
01af
thor
…
kgtf",2791822085615001,0xbfbfaca02964834fe84cc9b6cb2e28e1a0af01af,"8,500",USDT,"E279
…
1FD8
22,085,615
0xbf
…
01af
thor
…
kgtf
	
Swap
	
8,500
USDT
5,624.04
RUNE
	
Success
	
Jul 23 2025 01:53:38 PM (GMT-7)",Success,Jul 23 2025 01:53:38 PM (GMT-7),thor1ueg09kv89egmyg6zknkrxmhjdr5zxljugdkgtf,"5,624.04",RUNE,E2799B61F2879D49AEC137D76723CCAB345CB7A3B39ECF763774A8011D6F1FD8,Swap
"40AC
…
9CCD
22,085,519
0x4a
…
89b6
0x4a
…
89b6",409220855190489604896,0x4aeb1cbc8c9cd211a2bac18b882c2d6776e289b6,923.97883789,FOX,"40AC
…
9CCD
22,085,519
0x4a
…
89b6
0x4a
…
89b6
	
Swap
	
923.97883789
FOX
26.382836
USDC
	
Success
	
Jul 23 2025 01:43:54 PM (GMT-7)",Success,Jul 23 2025 01:43:54 PM (GMT-7),0x4aEB1CBC8C9cd211a2Bac18B882c2D6776e289b6,26.382836,USDC,40ACB57D03A5E2F2AC5338F6C7853B578EDBE2D25B2324254485F9984FB49CCD,Swap
"F1AB
…
0CF4
22,085,008
0xa3
…
d529
bc1q
…
h3vp",104220850080352913,0xa300d9f0fd6053114ea78ece6070b2672d01d529,1.78986753,ETH,"F1AB
…
0CF4
22,085,008
0xa3
…
d529
bc1q
…
h3vp
	
Swap
	
1.78986753
ETH
0.05398942
BTC
	
Success
	
Jul 23 2025 12:52:18 PM (GMT-7)",Success,Jul 23 2025 12:52:18 PM (GMT-7),bc1qewms6eve5ysvd93sa6cs84vr3k5e5awzm8h3vp,0.05398942,BTC,F1AB74FD3EF796C6F4306FB5E15C1F011AA249A71D421D9C6227FFCB94550CF4,Swap
"411E
…
784D
22,084,976
0xca
…
2f11
ltc1
…
23vd",411784220849760211123,0xcac61f9b88388feee2cbf6ba066b6b6e922c2f11,"8,102.46",USDC,"411E
…
784D
22,084,976
0xca
…
2f11
ltc1
…
23vd
	
Swap
	
8,102.46
USDC
71.28810398
LTC
	
Success
	
Jul 23 2025 12:49:03 PM (GMT-7)",Success,Jul 23 2025 12:49:03 PM (GMT-7),ltc1qzvuw9lx7q2heq6rwj4jn8t34czmpalk6cw23vd,71.28810398,LTC,411EAA62FCE68691A3C2FB50B0FC9002258E8F746682FFD957705386F2BF784D,Swap
"2F68
…
7FDF
22,084,537
thor
…
m4sl
0x9b
…
aB06",26872208453740906,thor1jxglhe7n9u2t02cdpls2vgzl3a7392kmwzm4sl,"18,613",TCY,"2F68
…
7FDF
22,084,537
thor
…
m4sl
0x9b
…
aB06
	
Swap
	
18,613
TCY
1.15450031
ETH
	
Success
	
Jul 23 2025 12:04:44 PM (GMT-7)",Success,Jul 23 2025 12:04:44 PM (GMT-7),0x9b3EA9d9C325b6a78e1Ef989F52d6A161922aB06,1.15450031,ETH,2F688B49C3C377955C0A1F3FE7CF319EA70246A6197FFC28A36299E1B4B27FDF,Swap
"8FE8
…
4A30
22,082,645
bc1q
…
ywkh
0x01
…
E38b",8843022082645100138,bc1qut75dz6kxnm8kv6yw4m6fnvt88m0tg08h3ywkh,0.00846045,BTC,"8FE8
…
4A30
22,082,645
bc1q
…
ywkh
0x01
…
E38b
	
Swap
	
0.00846045
BTC
991.281562
USDC
	
Success
	
Jul 23 2025 08:52:50 AM (GMT-7)",Success,Jul 23 2025 08:52:50 AM (GMT-7),0x01927CD328DfcA5Fa344dDb4712a487e7E6CE38b,991.281562,USDC,8FE8EA8B0B0CE6F994EEE75BBE5014651A5217AE8EB1FAFC3A98E494C3684A30,Swap
"BFDD
…
9A8C
22,082,491
bc1q
…
llzz
thor
…
z827",98220824911827,bc1q52d63ssrvxdsp77z5qm4jzhvn8vdh028fcllzz,0.03983264,BTC,"BFDD
…
9A8C
22,082,491
bc1q
…
llzz
thor
…
z827
	
Swap
	
0.03983264
BTC
3,028.51
RUNE
	
Success
	
Jul 23 2025 08:37:14 AM (GMT-7)",Success,Jul 23 2025 08:37:14 AM (GMT-7),thor1v7uz4e8jshdec8zecrzrxyktx9hqrlmalxz827,"3,028.51",RUNE,BFDD6881367A98EFFBC5BFCEB8A128A01F9BF57F9388C7CE3A6142AB581D9A8C,Swap
"07DF
…
B481
22,081,240
bc1q
…
pjzu
thor
…
axm2",074812208124012,bc1qzs4geufw0q432mthl8un0wtvqea9dtpv28pjzu,0.08652796,BTC,"07DF
…
B481
22,081,240
bc1q
…
pjzu
thor
…
axm2
	
Swap
	
0.08652796
BTC
6,445.68
RUNE
	
Success
	
Jul 23 2025 06:30:50 AM (GMT-7)",Success,Jul 23 2025 06:30:50 AM (GMT-7),thor1v4rr5wklq77y4ajt6gyjtlmemnecr6jtqxaxm2,"6,445.68",RUNE,07DFCA799478CF818CEA19D2427339FBB348DAC2443B7AD4FABF3D0B6FFDB481,Swap
"DCE2
…
5E19
22,080,823
0xca
…
2f11
DR7Z
…
6Qxm",251922080823021176,0xcac61f9b88388feee2cbf6ba066b6b6e922c2f11,"8,185",USDC,"DCE2
…
5E19
22,080,823
0xca
…
2f11
DR7Z
…
6Qxm
	
Swap
	
8,185
USDC
32,095.51
DOGE
	
Success
	
Jul 23 2025 05:48:40 AM (GMT-7)",Success,Jul 23 2025 05:48:40 AM (GMT-7),DR7ZxeUm8MTq9yRLVmfkUEdNmSkAza6Qxm,"32,095.51",DOGE,DCE2D3ADFCF94665A6DDE5590AF0D8C3B0923AE398F8AF127C50B4FF266E5E19,Swap
"69B3
…
E671
22,080,801
bc1q
…
hyv5
0xbf
…
3c3c",6936712208080115033,bc1qxy2u5m9fq27c8lksl5jxfuuadkf4fq2k4ehyv5,0.104,BTC,"69B3
…
E671
22,080,801
bc1q
…
hyv5
0xbf
…
3c3c
	
Swap
	
0.104
BTC
12,209
USDC
	
Success
	
Jul 23 2025 05:46:27 AM (GMT-7)",Success,Jul 23 2025 05:46:27 AM (GMT-7),0xbf2262d713f4ddcd888a807010a1068483113c3c,"12,209",USDC,69B36E19E5A94A2BA27DA3EA8C74F788EDF7FFFBBFED875CEC045C84AA32E671,Swap
"74DB
…
2066
22,080,801
bc1q
…
rcpy
thor
…
p4sv",7420662208080114,bc1q527jecvjj6de9sjktzx2dgaqk6sar4jqdnrcpy,0.04997132,BTC,"74DB
…
2066
22,080,801
bc1q
…
rcpy
thor
…
p4sv
	
Swap
	
0.04997132
BTC
3,719.33
RUNE
	
Success
	
Jul 23 2025 05:46:27 AM (GMT-7)",Success,Jul 23 2025 05:46:27 AM (GMT-7),thor1v80hl338tgjydg480frk8luryfhzjy5y25p4sv,"3,719.33",RUNE,74DBF20A4ED9C381D25A4C0A0FF9014C0F70912D462C353720DDF27A53992066,Swap
"B015
…
4173
22,079,882
cosm
…
5mx0
thor
…
k6al",015417322079882506,cosmos178k66wjjj8mmz6lryl6vlnmx8gejajm5jf5mx0,0.100402,ATOM,"B015
…
4173
22,079,882
cosm
…
5mx0
thor
…
k6al
	
Swap
	
0.100402
ATOM
0.292541
RUNE
	
Success
	
Jul 23 2025 04:14:02 AM (GMT-7)",Success,Jul 23 2025 04:14:02 AM (GMT-7),thor16aphlthpcvw2u93g9t4ce3veyf70dyvg5zk6al,0.292541,RUNE,B015FFE1B0EACB916F30BA72A14847C2176DFF7AAA2724E541BB8756A4C04173,Swap
"87A0
…
4310
22,079,762
qqj4
…
skkv
0xAD
…
5406",870431022079762405406,qqj4kfancdg76sw49u3ahmg2qzme4thhncpkz7skkv,0.04737989,BCH,"87A0
…
4310
22,079,762
qqj4
…
skkv
0xAD
…
5406
	
Swap
	
0.04737989
BCH
0.00649569
ETH
	
Success
	
Jul 23 2025 04:02:00 AM (GMT-7)",Success,Jul 23 2025 04:02:00 AM (GMT-7),0xADcE7057aF0083eE269EF01D8C5b567Adac85406,0.00649569,ETH,87A0BD18E862C28920A73AF9F9A444FCEE9C4ED74DB4C9E8CA0A9B09A75B4310,Swap
"EFDC
…
C3F6
22,079,232
0x47
…
f61b
bc1q
…
rz0m",36220792320476110,0x471450719fbbd4d96e424ed57bbc82f8a7eaf61b,"1,546.01",FOX,"EFDC
…
C3F6
22,079,232
0x47
…
f61b
bc1q
…
rz0m
	
Swap
	
1,546.01
FOX
0.00038611
BTC
	
Success
	
Jul 23 2025 03:08:41 AM (GMT-7)",Success,Jul 23 2025 03:08:41 AM (GMT-7),bc1qcs5hd29kxlnzwul7ry2pq8lzt490se4t6erz0m,0.00038611,BTC,EFDCE21A760CC3A24B284FA13CC9B36122E3B800F24EA4DEDA926FDEE90BC3F6,Swap
"EE90
…
5E66
22,078,610
0x6a
…
cba9
bc1q
…
f9z7",9056622078610069197,0x6afab594391df3c9354662b0d356b626ca03cba9,4.426,ETH,"EE90
…
5E66
22,078,610
0x6a
…
cba9
bc1q
…
f9z7
	
Swap
	
4.426
ETH
0.13693763
BTC
	
Success
	
Jul 23 2025 02:06:03 AM (GMT-7)",Success,Jul 23 2025 02:06:03 AM (GMT-7),bc1qyyrgzl5etvl22z0gp354m24ghwdy2c5atsf9z7,0.13693763,BTC,EE900AB5CDE5ED119C9256B6838281E85563D3202FE2800908BABC5222625E66,Swap
"13D7
…
1C76
22,076,892
0x94
…
835d
0x94
…
835d",13717622076892094835094835,0x944af413e6c41c2ce5429911411305b73ced835d,,,"13D7
…
1C76
22,076,892
0x94
…
835d
0x94
…
835d
	
Swap
	
5
USDC
0.00502421
BNB
	
Success
	
Jul 22 2025 11:12:40 PM (GMT-7)",Success,Jul 22 2025 11:12:40 PM (GMT-7),0x944af413E6c41C2CE5429911411305b73ceD835d,,,13D72DE31E7D2F6A62523F57AFCD0D9FBA22F70C6B1FDDBFB47357E8A3471C76,Swap
"1777
…
BF08
22,076,193
thor
…
6qdz
0x32
…
89a9",177708220761936032899,thor1ef5a0ymhj4zujda8jytehy2s5ekl4sekld6qdz,,,"1777
…
BF08
22,076,193
thor
…
6qdz
0x32
…
89a9
	
Swap
	
1
RUNE
0.00017346
ETH
	
Success
	
Jul 22 2025 10:02:26 PM (GMT-7)",Success,Jul 22 2025 10:02:26 PM (GMT-7),0x32C98c22005411eFD479B628AaDE5b0cbAEB89a9,,,1777DF32E5EB42343250C877DFE5C693FE41E48C2DE0095B37D8718A88FEBF08,Swap
"ACF3
…
6803
22,076,046
thor
…
6qdz
0x32
…
89a9",36803220760466032899,thor1ef5a0ymhj4zujda8jytehy2s5ekl4sekld6qdz,,,"ACF3
…
6803
22,076,046
thor
…
6qdz
0x32
…
89a9
	
Swap
	
1
RUNE
0.00017296
ETH
	
Success
	
Jul 22 2025 09:47:36 PM (GMT-7)",Success,Jul 22 2025 09:47:36 PM (GMT-7),0x32C98c22005411eFD479B628AaDE5b0cbAEB89a9,,,ACF3B94C78C995C83DCD6929A81C83769F4C3D89B0131356E0527329D1A46803,Swap
"EF91
…
1D4B
22,075,980
0x9d
…
a16f
bc1q
…
pxj5",911422075980091615,0x9da1f936dcc32b7c2bd96c8318de78874918a16f,"2,445.5",USDT,"EF91
…
1D4B
22,075,980
0x9d
…
a16f
bc1q
…
pxj5
	
Swap
	
2,445.5
USDT
0.02045204
BTC
	
Success
	
Jul 22 2025 09:40:57 PM (GMT-7)",Success,Jul 22 2025 09:40:57 PM (GMT-7),bc1qj0xn74hch8h05jelaf743w6vnvsewx7ktrpxj5,0.02045204,BTC,EF91B614F412EB6046F094584595212A2CB82998876C4375FF468C4B3B791D4B,Swap
"80D1
…
AC80
22,075,635
0x32
…
89a9
thor
…
6qdz",80180220756350328996,0x32c98c22005411efd479b628aade5b0cbaeb89a9,0.0005,ETH,"80D1
…
AC80
22,075,635
0x32
…
89a9
thor
…
6qdz
	
Swap
	
0.0005
ETH
1.11849105
RUNE
	
Success
	
Jul 22 2025 09:06:16 PM (GMT-7)",Success,Jul 22 2025 09:06:16 PM (GMT-7),thor1ef5a0ymhj4zujda8jytehy2s5ekl4sekld6qdz,1.11849105,RUNE,80D110038F7C0B46ED536AA6388B5DF4F0E0A9F277F169BC1A1E2F211581AC80,Swap
"DFDC
…
B0D6
22,075,488
0x11
…
8a4f
bc1q
…
wgq9",06220754880118419,0x117a042ea993eec03199fae4f503d1e922d68a4f,49.793,ETH,"DFDC
…
B0D6
22,075,488
0x11
…
8a4f
bc1q
…
wgq9
	
Swap
	
49.793
ETH
1.55327578
BTC
	
Success
	
Jul 22 2025 08:51:30 PM (GMT-7)",Success,Jul 22 2025 08:51:30 PM (GMT-7),bc1qfmhk2e56dlj0gazc8gcdmfa7x4pdqnuxwjwgq9,1.55327578,BTC,DFDC4A6171FD30F5A2E5237ECCBDA47E10E62FD906C5D7073C952C9002E2B0D6,Swap
"0BD8
…
4E60
22,074,725
d9rk
…
vbkf
bc1q
…
pwel",084602207472591,d9rkp6om3hgg2ns3bmertggvuusdwpvbkf,"1,000",DOGE,"0BD8
…
4E60
22,074,725
d9rk
…
vbkf
bc1q
…
pwel
	
Swap
	
1,000
DOGE
0.00221272
BTC
	
Success
	
Jul 22 2025 07:34:32 PM (GMT-7)",Success,Jul 22 2025 07:34:32 PM (GMT-7),bc1qdnyhm2c5ed6q74j5ctg248kty5spy87k8qpwel,0.00221272,BTC,0BD88564A0F1F95CC6CD15734D3EF04AECE6A65A80847B5DA1C70F0282B74E60,Swap
"50CC
…
96A4
22,073,545
d8ka
…
fgcc
bc1q
…
63ux",50964220735458163,d8kabpirpgxptuuxsmsnastawq8gacfgcc,"8,000",DOGE,"50CC
…
96A4
22,073,545
d8ka
…
fgcc
bc1q
…
63ux
	
Swap
	
8,000
DOGE
0.01778324
BTC
	
Success
	
Jul 22 2025 05:35:32 PM (GMT-7)",Success,Jul 22 2025 05:35:32 PM (GMT-7),bc1q4mktcqqps8mgxwyzlpdzh6fgvqn2rapqxg63ux,0.01778324,BTC,50CC50F93AB7EAAD407781683C7206346FC0C1A296F0C236DD8D7362D76D96A4,Swap
"FFB7
…
D2BF
22,073,302
dmxn
…
6zup
bc1q
…
63ux",72220733026163,dmxn89fhsykhdldqkde1mysjv8oa156zup,570,DOGE,"FFB7
…
D2BF
22,073,302
dmxn
…
6zup
bc1q
…
63ux
	
Swap
	
570
DOGE
0.0012586
BTC
	
Success
	
Jul 22 2025 05:11:04 PM (GMT-7)",Success,Jul 22 2025 05:11:04 PM (GMT-7),bc1q4mktcqqps8mgxwyzlpdzh6fgvqn2rapqxg63ux,0.0012586,BTC,FFB779F24059E12DE5553ED3B55D60A90CD24AF450EC316A43021C4EB470D2BF,Swap
"E1AA
…
6B67
22,072,726
thor
…
tlhj
bc1q
…
9q6g",166722072726196,thor1py3feajx27qnm8ek73pavmgy2m7r6ecn6ztlhj,"20,000",TCY,"E1AA
…
6B67
22,072,726
thor
…
tlhj
bc1q
…
9q6g
	
Swap
	
20,000
TCY
0.03631327
BTC
	
Success
	
Jul 22 2025 04:13:12 PM (GMT-7)",Success,Jul 22 2025 04:13:12 PM (GMT-7),bc1q23aktvksdw9fleakg28t4snwllnd2qhgce9q6g,0.03631327,BTC,E1AA0B61C862B9CFBE996ABB9D9AF42FECDCA18CEA81DB975F5DF247652C6B67,Swap
"7452
…
39E3
22,071,615
0x5e
…
8054
cosm
…
lm4q",7452393220716150580544,0x5e7d1c2ad420e68071a0723915a62c1082918054,0.0017,ETH,"7452
…
39E3
22,071,615
0x5e
…
8054
cosm
…
lm4q
	
Swap
	
0.0017
ETH
1.042736
ATOM
	
Success
	
Jul 22 2025 02:20:27 PM (GMT-7)",Success,Jul 22 2025 02:20:27 PM (GMT-7),cosmos1x4sssaup3wswd7mss0qzl3hf6nrr2w5q32lm4q,1.042736,ATOM,745219AEC265B9C288095DE7DB601B20D865953FAC9ACD861B4813E5978E39E3,Swap
"A19E
…
D40D
22,070,816
cosm
…
yraq
thor
…
xpj0",1940220708160,cosmos1fl0g2uadujy2lzp85cjrx8kwk0m6un9ur6yraq,,,"A19E
…
D40D
22,070,816
cosm
…
yraq
thor
…
xpj0
	
Swap
	
2.8
ATOM
0
	
Success
	
Jul 22 2025 12:59:43 PM (GMT-7)",Success,Jul 22 2025 12:59:43 PM (GMT-7),thor1avdnv6re30jkc6rmngudtr82cvd25zze05xpj0,,,A19E89C8109C8F2CC8E4A1E13D8E156B114D517F7C27B34FD50471AFEABAD40D,Swap
"15A4
…
781E
22,070,796
0xae
…
c482
thor
…
xpj0",1547812207079604820,0xae959ced6352b7bf0f04deff000157c678b2c482,,,"15A4
…
781E
22,070,796
0xae
…
c482
thor
…
xpj0
	
Swap
	
0.00594086
ETH
0
	
Success
	
Jul 22 2025 12:57:42 PM (GMT-7)",Success,Jul 22 2025 12:57:42 PM (GMT-7),thor1avdnv6re30jkc6rmngudtr82cvd25zze05xpj0,,,15A4F5A88C695ABB7721F35190112E379BA13E5F3D34CB13DF5D2CA6A471781E,Swap
"C599
…
E763
22,070,692
thor
…
nmxx
0xf4
…
A88e",599763220706920488,thor1fksdzlnw3vazfxwj8w626w69sgh8s8xq95nmxx,18,RUNE,"C599
…
E763
22,070,692
thor
…
nmxx
0xf4
…
A88e
	
Swap
	
18
RUNE
0.00761129
ETH
	
Success
	
Jul 22 2025 12:47:12 PM (GMT-7)",Success,Jul 22 2025 12:47:12 PM (GMT-7),0xf49900b04ea304eE05E6DFb24C6C7d66Df26A88e,0.00761129,ETH,C59983C020A2F31F5A64AC9D66ACE80A1BB3923F737789A52A4F8713A0C7E763,Swap
"4229
…
BC9E
22,068,680
bc1q
…
7x9w
thor
…
rssm",4229922068680179,bc1qn2um8khekykdvdfgzgh64u0xqqugetnggy7x9w,0.06410116,BTC,"4229
…
BC9E
22,068,680
bc1q
…
7x9w
thor
…
rssm
	
Swap
	
0.06410116
BTC
4,636.88
RUNE
	
Success
	
Jul 22 2025 09:23:59 AM (GMT-7)",Success,Jul 22 2025 09:23:59 AM (GMT-7),thor1csh8nu6jpzarx2kt42y89cfcs57xuq36nmrssm,"4,636.88",RUNE,422994FA9287270FB75227415056AB047BE5B818535AD44A0BB74E44CB50BC9E,Swap
"9A1B
…
F6A3
22,068,471
bc1q
…
7x9w
thor
…
rssm",916322068471179,bc1qn2um8khekykdvdfgzgh64u0xqqugetnggy7x9w,0.06414127,BTC,"9A1B
…
F6A3
22,068,471
bc1q
…
7x9w
thor
…
rssm
	
Swap
	
0.06414127
BTC
0.06412749
BTC
	
Refunded
	
Jul 22 2025 09:02:55 AM (GMT-7)",,Jul 22 2025 09:02:55 AM (GMT-7),thor1csh8nu6jpzarx2kt42y89cfcs57xuq36nmrssm,0.06412749,BTC,9A1BAC81A0D45DD2134E1087021521DA678517019C941FE2F89E23BF7413F6A3,Swap
"9D6A
…
88A6
22,067,487
cosm
…
4fes
bc1q
…
ptzy",968862206748741,cosmos17kazghllx89ch8dhrjppdtdmu4lprlzef94fes,305,ATOM,"9D6A
…
88A6
22,067,487
cosm
…
4fes
bc1q
…
ptzy
	
Swap
	
305
ATOM
0.01277063
BTC
	
Success
	
Jul 22 2025 07:24:00 AM (GMT-7)",Success,Jul 22 2025 07:24:00 AM (GMT-7),bc1qllu3xv45w4navy2rjh8uh7f97hjlgxu6agptzy,0.01277063,BTC,9D6A38F16E2B8262FBAB77165CBB3F73EDBFF9FD8FE57E576F0403521E0A88A6,Swap
"3051
…
880E
22,067,377
d72p
…
d4ts
0x08
…
00b3",305188022067377724008003,d72p9rsr6yhq3gtubbguxgh6lthqxgd4ts,701,DOGE,"3051
…
880E
22,067,377
d72p
…
d4ts
0x08
…
00b3
	
Swap
	
701
DOGE
0.04969498
ETH
	
Success
	
Jul 22 2025 07:12:55 AM (GMT-7)",Success,Jul 22 2025 07:12:55 AM (GMT-7),0x084a8E91387ccefd8872876D51Ad30017F9f00b3,0.04969498,ETH,3051EBF0F932036A829BF40A7B1EEA40E8376004D7709D008108927F3DE7880E,Swap
"3CEF
…
71D7
22,067,367
bc1q
…
l8qx
thor
…
us60",3717220673671860,bc1qdsnj7m30e9yjj40lkr6q395l76agm27gmsl8qx,0.04995,BTC,"3CEF
…
71D7
22,067,367
bc1q
…
l8qx
thor
…
us60
	
Swap
	
0.04995
BTC
3,652.16
RUNE
	
Success
	
Jul 22 2025 07:11:54 AM (GMT-7)",Success,Jul 22 2025 07:11:54 AM (GMT-7),thor1xf67lah83vfluxxr2adxp79m3vhcycm308us60,"3,652.16",RUNE,3CEF5D6579D239D9C83D0B835DCA39D16FE717A54715D23FB6DFD75E5F3A71D7,Swap
"CCEA
…
E1F5
22,066,986
bc1q
…
0qyz
thor
…
hf32",15220669861032,bc1qnghyrfegee8yya8uayx8kdt7nnn0e0h8zx0qyz,0.00997,BTC,"CCEA
…
E1F5
22,066,986
bc1q
…
0qyz
thor
…
hf32
	
Swap
	
0.00997
BTC
727.07210741
RUNE
	
Success
	
Jul 22 2025 06:33:40 AM (GMT-7)",Success,Jul 22 2025 06:33:40 AM (GMT-7),thor1mk0mhpxhylvfl9we4jrrt5k5m9flprjyfchf32,727.07210741,RUNE,CCEA93C64531115DB29438C15FCE6A4F583159B988A6027411B4DBA6E92CE1F5,Swap
"4A56
…
E637
22,063,804
thor
…
gwdm
0xEC
…
7dE8",45663722063804078,thor1tar98zylrhtnk7zas22u9wxfycgwg6t3qqgwdm,90,RUNE,"4A56
…
E637
22,063,804
thor
…
gwdm
0xEC
…
7dE8
	
Swap
	
90
RUNE
0.03929761
ETH
	
Success
	
Jul 22 2025 01:14:27 AM (GMT-7)",Success,Jul 22 2025 01:14:27 AM (GMT-7),0xECc9fec64272b55b5c50fE5508102Ee81B897dE8,0.03929761,ETH,4A56FA93ACEF884FA9CAE03DF9A6515C112A6699D838DBEBBD514EBDCA86E637,Swap
"A41E
…
3C72
22,063,048
cosm
…
98ax
thor
…
aa6u",4137222063048986,cosmos1pgnpjs3zg6sgm9pdhtrduqyyx4lq3l4fkd98ax,,,"A41E
…
3C72
22,063,048
cosm
…
98ax
thor
…
aa6u
	
Swap
	
1
ATOM
3.070233
RUNE
	
Success
	
Jul 21 2025 11:58:33 PM (GMT-7)",Success,Jul 21 2025 11:58:33 PM (GMT-7),thor10636ngkwx66fxrjzk6gzefcefnsa0lhyk0aa6u,,,A41EFEB4CBB96D0091AEC97B22B78D8303A6B9EBACAA79548B8B149E56FC3C72,Swap
"5FB8
…
83FE
22,059,839
0xa4
…
e938
bc1q
…
xgqp",588322059839049381,0xa4acbd4a3b9a682760cad7948fdd533cc8b4e938,248.764074,USDT,"5FB8
…
83FE
22,059,839
0xa4
…
e938
bc1q
…
xgqp
	
Swap
	
248.764074
USDT
0.00209343
BTC
	
Success
	
Jul 21 2025 06:37:38 PM (GMT-7)",Success,Jul 21 2025 06:37:38 PM (GMT-7),bc1q20amyhd9gkmmsgs9dv7yf3y0cfukat7pj0xgqp,0.00209343,BTC,5FB8FA3F20239AC52E43B1F3B52BEA5838CCA1C1ABB451C6B41FEBB615C383FE,Swap
"6C16
…
BC16
22,059,763
0x3d
…
dd3a
3Aic
…
ZhzQ",61616220597630333,0x3d504949ca5ff1143caca57d75ead1179ba1dd3a,0.0040165,ETH,"6C16
…
BC16
22,059,763
0x3d
…
dd3a
3Aic
…
ZhzQ
	
Swap
	
0.0040165
ETH
0.00011827
BTC
	
Success
	
Jul 21 2025 06:30:02 PM (GMT-7)",Success,Jul 21 2025 06:30:02 PM (GMT-7),3AicRQMzFkyFKV5G7Cfj6QP83RsxGsZhzQ,0.00011827,BTC,6C1613665DF10368F8EDE46B748D1420CECA2BE70C4A764104BFE7593898BC16,Swap
"1396
…
D08B
22,059,270
bc1q
…
d9gf
0x77
…
98D5",1396082205927019077985,bc1qzksjh47mg87ecemkq4cd39fntgnfasc746d9gf,0.0265,BTC,"1396
…
D08B
22,059,270
bc1q
…
d9gf
0x77
…
98D5
	
Swap
	
0.0265
BTC
0.82001847
ETH
	
Success
	
Jul 21 2025 05:40:39 PM (GMT-7)",Success,Jul 21 2025 05:40:39 PM (GMT-7),0x777b56B911611B2aC9b4c5D72E1ce80271ed98D5,0.82001847,ETH,1396A4586765FDA70B262C6961DF3CDC8A144CE78131763CBCFBDFCD9C8AD08B,Swap
"0958
…
02DD
22,058,925
0x3d
…
dd3a
thor
…
v3r8",0958022205892503338,0x3d504949ca5ff1143caca57d75ead1179ba1dd3a,,,"0958
…
02DD
22,058,925
0x3d
…
dd3a
thor
…
v3r8
	
Add
	
1
USDT
AVAX.USDT
	
Success
	
Jul 21 2025 05:06:09 PM (GMT-7)",Success,Jul 21 2025 05:06:09 PM (GMT-7),thor1ycgzfpcz93qa0xc392xgk75lfee5vdc59hv3r8,,,0958AAABA06E722F1829F33CBB4F78A1D954FE1FF68CCC1FE73B08319D7D02DD,Add
"8C92
…
8928
22,058,901
thor
…
v3r8
0x3d
…
dd3a",89289282205890138033,thor1ycgzfpcz93qa0xc392xgk75lfee5vdc59hv3r8,,,"8C92
…
8928
22,058,901
thor
…
v3r8
0x3d
…
dd3a
	
Add
	
0.59500923
RUNE
AVAX.USDT
	
Success
	
Jul 21 2025 05:03:45 PM (GMT-7)",Success,Jul 21 2025 05:03:45 PM (GMT-7),0x3d504949ca5ff1143caca57d75ead1179ba1dd3a,,,8C92A7EE6C793F1E36BF9C88FB5940AADB2CD2F324185141228070A1DFF08928,Add
"79A9
…
E46D
22,058,809
0x38
…
bded
0x38
…
BdED",7994622058809038038,0x38fe9e10a398d6bea22a9bf585de8143d58dbded,0.1855,AVAX,"79A9
…
E46D
22,058,809
0x38
…
bded
0x38
…
BdED
	
Swap
	
0.1855
AVAX
0.00098762
ETH
	
Success
	
Jul 21 2025 04:54:32 PM (GMT-7)",Success,Jul 21 2025 04:54:32 PM (GMT-7),0x38FE9e10a398D6BEa22A9Bf585de8143D58DBdED,0.00098762,ETH,79A99D07650529A0CE359FA37A16A89F66F8728F5CAE5AA341E7C9C115F8E46D,Swap
"A74D
…
E272
22,057,252
0xad
…
5fda
bc1q
…
8yp4",742722205725205184,0xad71fd9092c619b7e04023f9f9f15c2599d65fda,1.331,ETH,"A74D
…
E272
22,057,252
0xad
…
5fda
bc1q
…
8yp4
	
Swap
	
1.331
ETH
0.04229917
BTC
	
Success
	
Jul 21 2025 02:19:08 PM (GMT-7)",Success,Jul 21 2025 02:19:08 PM (GMT-7),bc1qwwlajfv6ajkemk2d0qxmj7kumxapzwgln28yp4,0.04229917,BTC,A74D7ED77D138CE172C66849B66F6CA9264D75497184C112CC00C2294EB3E272,Swap
"4364
…
6117
22,057,215
ltc1
…
pqcd
0x0A
…
8008",43646117220572151008008,ltc1qfrc55ytnnfjzydynl3d8d4dwafynk6yv6npqcd,94.2482,LTC,"4364
…
6117
22,057,215
ltc1
…
pqcd
0x0A
…
8008
	
Swap
	
94.2482
LTC
10,756.81
USDT
	
Success
	
Jul 21 2025 02:15:24 PM (GMT-7)",Success,Jul 21 2025 02:15:24 PM (GMT-7),0x0A4af8766a2c3259d0543064aa8e0044F4358008,"10,756.81",USDT,4364CBEA784ABA30B71382C260415C2B6B7476A454F7EC1CB61E7076199F6117,Swap
"A5F1
…
6DA5
22,055,627
0xef
…
e8ef
bc1q
…
u5mh",5165220556270815,0xef0c88cea8a6248bb9fbbd5d6df0ce530593e8ef,"4,000",DAI,"A5F1
…
6DA5
22,055,627
0xef
…
e8ef
bc1q
…
u5mh
	
Swap
	
4,000
DAI
0.03376836
BTC
	
Success
	
Jul 21 2025 11:35:40 AM (GMT-7)",Success,Jul 21 2025 11:35:40 AM (GMT-7),bc1qkck3fpevg3ly9u2u53a5xph7cu6y6vn6gru5mh,0.03376836,BTC,A5F1CF1CD142759E63AFD0AD3FD44A25569544EACFF3DA55D005347BA4D66DA5,Swap
"198D
…
6DDD
22,054,694",198622054694,thor125dwsa39yeylqc7pn59l079dur502nsleyrgup,,,"198D
…
6DDD
22,054,694
thor
…
rgup
	
Add
	
0.3
RUNE
BASE.USDC
	
Success
	
Jul 21 2025 10:01:53 AM (GMT-7)",Success,Jul 21 2025 10:01:53 AM (GMT-7),"198D
…
6DDD
22,054,694
thor
…
rgup",,,198D18FC0EFD7DF671357BE0024D585CF4E3F907EAA9C0D42971B66AC3616DDD,Add
"FC4B
…
622B
22,054,491
thor
…
m4sl
0x9b
…
aB06",46222205449140906,thor1jxglhe7n9u2t02cdpls2vgzl3a7392kmwzm4sl,"18,762",TCY,"FC4B
…
622B
22,054,491
thor
…
m4sl
0x9b
…
aB06
	
Swap
	
18,762
TCY
1.10944261
ETH
	
Success
	
Jul 21 2025 09:41:32 AM (GMT-7)",Success,Jul 21 2025 09:41:32 AM (GMT-7),0x9b3EA9d9C325b6a78e1Ef989F52d6A161922aB06,1.10944261,ETH,FC4B7A9B82B661A91AEB984B4B68B4265237DB92F79DC5C293A2AAB56342622B,Swap
"B9A0
…
0142
22,054,411
0x48
…
1ec5
bc1q
…
qdjn",90014222054411048151,0x48d330afea7fb9bf4185729aff8c0780b6901ec5,"1,100.93",USDC,"B9A0
…
0142
22,054,411
0x48
…
1ec5
bc1q
…
qdjn
	
Swap
	
1,100.93
USDC
0.0092536
BTC
	
Success
	
Jul 21 2025 09:33:27 AM (GMT-7)",Success,Jul 21 2025 09:33:27 AM (GMT-7),bc1qjgnxegawlhqzry6nvfcgt4gasx5njdet08qdjn,0.0092536,BTC,B9A04C3AB12EE544BADCE58D3DE69E6AB5C48F5451E10D836B4F16C3BB920142,Swap
"4F57
…
28C8
22,054,244
35w8
…
kuy3
0xDA
…
7795",45728822054244358307795,35w8u6azvfsyqixthvciusmhdkgiqzkuy3,0.03365785,BTC,"4F57
…
28C8
22,054,244
35w8
…
kuy3
0xDA
…
7795
	
Swap
	
0.03365785
BTC
1.04565001
ETH
	
Success
	
Jul 21 2025 09:16:38 AM (GMT-7)",Success,Jul 21 2025 09:16:38 AM (GMT-7),0xDAb2b85f3e944862107b7F81734b64B92a5D7795,1.04565001,ETH,4F573C9F48CCA1E43339A1B21916E4DB484A27BD18295957765E69B2AFDE28C8,Swap
"4C8B
…
4D11
22,054,126
0xfe
…
b476
thor
…
5fpr",484112205412604765,0xfe4a7c3c15891220c80ee887ed718e69a15fb476,0.07115384,AVAX,"4C8B
…
4D11
22,054,126
0xfe
…
b476
thor
…
5fpr
	
Swap
	
0.07115384
AVAX
7.85237768
TCY
	
Success
	
Jul 21 2025 09:04:40 AM (GMT-7)",Success,Jul 21 2025 09:04:40 AM (GMT-7),thor1pk3a89lkvt3eme6q40aq5ryfeed87y5crx5fpr,7.85237768,TCY,4C8BAB658D9AA619381B81E2029E97A62A37E043C2E651707AD07CD5E56D4D11,Swap
"9D01
…
AD6D
22,053,797
0x48
…
c372
DPSN
…
Wkfx",901622053797048372,0x482d68647337d82704b1374496b2975b1bb6c372,0.08589528,ETH,"9D01
…
AD6D
22,053,797
0x48
…
c372
DPSN
…
Wkfx
	
Swap
	
0.08589528
ETH
1,157.53
DOGE
	
Success
	
Jul 21 2025 08:30:27 AM (GMT-7)",Success,Jul 21 2025 08:30:27 AM (GMT-7),DPSNeTa6UTdj6H5Mj88q3p7AReCSCeWkfx,"1,157.53",DOGE,9D01EA052C38E1B9E3FA65781A841E977DD7F73B2BA5FD3FB6C2461D0729AD6D,Swap
"84E6
…
EA76
22,053,679
thor
…
2ez0
0xB7
…
98a3",84676220536792007983,thor10fparxlw83a5n0fjyllwjcea3avvckll0u2ez0,"14,885.96",RUNE,"84E6
…
EA76
22,053,679
thor
…
2ez0
0xB7
…
98a3
	
Swap
	
14,885.96
RUNE
6.71284874
ETH
	
Success
	
Jul 21 2025 08:18:19 AM (GMT-7)",Success,Jul 21 2025 08:18:19 AM (GMT-7),0xB727339B80F6B2736D8EcD1FAAf547f756D398a3,6.71284874,ETH,84E63A233F31CAF7A8EE0D8E581D1A8494F14521A878AECAB60E27BE62DDEA76,Swap
"8F00
…
CEBA
22,053,616
thor
…
2ez0
0xB7
…
98a3",800220536162007983,thor10fparxlw83a5n0fjyllwjcea3avvckll0u2ez0,"10,000",RUNE,"8F00
…
CEBA
22,053,616
thor
…
2ez0
0xB7
…
98a3
	
Swap
	
10,000
RUNE
4.4987162
ETH
	
Success
	
Jul 21 2025 08:11:55 AM (GMT-7)",Success,Jul 21 2025 08:11:55 AM (GMT-7),0xB727339B80F6B2736D8EcD1FAAf547f756D398a3,4.4987162,ETH,8F007BC5D72EE5902813D46889A611ADAA826D1771BF97B33C1F28C2D1D0CEBA,Swap
"B377
…
0FAF
22,053,581
drip
…
s47a
thor
…
5fpr",377022053581475,dripfvof3qqmv5j2bsrxywhyprby9es47a,36.5,DOGE,"B377
…
0FAF
22,053,581
drip
…
s47a
thor
…
5fpr
	
Swap
	
36.5
DOGE
44.55250709
TCY
	
Success
	
Jul 21 2025 08:08:16 AM (GMT-7)",Success,Jul 21 2025 08:08:16 AM (GMT-7),thor1pk3a89lkvt3eme6q40aq5ryfeed87y5crx5fpr,44.55250709,TCY,B37763C35A06973CC681FD70E9F12E8DC202BA111D421B019DA90974DFD80FAF,Swap
"05DB
…
29B1
22,053,577
cosm
…
svte
thor
…
5fpr",05291220535775,cosmos12tpfltgjysry9zq3mw2jf9he4u7nx30085svte,0.4,ATOM,"05DB
…
29B1
22,053,577
cosm
…
svte
thor
…
5fpr
	
Swap
	
0.4
ATOM
9.17869945
TCY
	
Success
	
Jul 21 2025 08:07:52 AM (GMT-7)",Success,Jul 21 2025 08:07:52 AM (GMT-7),thor1pk3a89lkvt3eme6q40aq5ryfeed87y5crx5fpr,9.17869945,TCY,05DBF01F248B4FEA2FD903A669FE9B9439549F37A8FBFF9838717038CD8E29B1,Swap
"F2E8
…
051B
22,053,511
thor
…
2ez0
0xB7
…
98a3",28051220535112007983,thor10fparxlw83a5n0fjyllwjcea3avvckll0u2ez0,"3,000",RUNE,"F2E8
…
051B
22,053,511
thor
…
2ez0
0xB7
…
98a3
	
Swap
	
3,000
RUNE
1.34981528
ETH
	
Success
	
Jul 21 2025 08:01:03 AM (GMT-7)",Success,Jul 21 2025 08:01:03 AM (GMT-7),0xB727339B80F6B2736D8EcD1FAAf547f756D398a3,1.34981528,ETH,F2E826449324355EE15620F9557001FD19695AACACFDD6BF54D6D6191037051B,Swap
"6C35
…
6763
22,053,207
thor
…
0rwp
0x49
…
4A9d",635676322053207004949,thor1nwlgq8qac3lyy6dt004xc6qck05ztpepww0rwp,140,RUNE,"6C35
…
6763
22,053,207
thor
…
0rwp
0x49
…
4A9d
	
Swap
	
140
RUNE
0.06280573
ETH
	
Success
	
Jul 21 2025 07:30:00 AM (GMT-7)",Success,Jul 21 2025 07:30:00 AM (GMT-7),0x49EeCCd4886aCa887e35AE4A620f4a0397244A9d,0.06280573,ETH,6C358266B4589D08E628FC3347347156149D2A79FE5C7ABF4BE8924085496763,Swap
"82A1
…
869E
22,052,580
cosm
…
g578
thor
…
tv50",8218692205258057850,cosmos1qn0jw5h9hn826vqzfsv7wf5dfkjqvn0cqfg578,0.6,ATOM,"82A1
…
869E
22,052,580
cosm
…
g578
thor
…
tv50
	
Swap
	
0.6
ATOM
1.812298
RUNE
	
Success
	
Jul 21 2025 06:26:06 AM (GMT-7)",Success,Jul 21 2025 06:26:06 AM (GMT-7),thor15el5ylt8zp60z2c5hy7rr5y6et4v7edm80tv50,1.812298,RUNE,82A121A3F7D32581D035F809E52A32B7D211CC80DA9FE0F2A5E5C50A9D16869E,Swap
"1D6F
…
F3C1
22,050,264
thor
…
ctkn
0x4E
…
bB0C",163122050264040,thor1gzje2g2qz433uu4djgcpk807jrmap0dz3rctkn,993.20982073,TCY,"1D6F
…
F3C1
22,050,264
thor
…
ctkn
0x4E
…
bB0C
	
Swap
	
993.20982073
TCY
221.481005
USDC
	
Success
	
Jul 21 2025 02:30:42 AM (GMT-7)",Success,Jul 21 2025 02:30:42 AM (GMT-7),0x4E25231dc14cA60FDfaF97582eBBd4e21cBFbB0C,221.481005,USDC,1D6F7D5FA4EC1111C0D874A56A9130A77428F372AE7D0033772C89F79E0AF3C1,Swap
"8D6E
…
BE72
22,048,309
thor
…
p3pp
0x69
…
aFef",8672220483093069,thor14td0ycrtqc4sqeyzcky7zfdhcwlj73zyump3pp,"6,146",TCY,"8D6E
…
BE72
22,048,309
thor
…
p3pp
0x69
…
aFef
	
Swap
	
6,146
TCY
0.36037131
ETH
	
Success
	
Jul 20 2025 11:12:58 PM (GMT-7)",Success,Jul 20 2025 11:12:58 PM (GMT-7),0x69a845c018a03d5D879445534E8588A3BeEbaFef,0.36037131,ETH,8D6E2223C0F01BF5AA84D81411A8475F4B735FBDE691C1C592CB0C915B86BE72,Swap
"FD7A
…
2F45
22,047,193",724522047193053094,0x5364812602b53d3993414967e028c40cfdf3094f,"22,190.63",THOR,"FD7A
…
2F45
22,047,193
0x53
…
094f
	
Swap
	
22,190.63
THOR
1,457.54
USDT
	
Success
	
Jul 20 2025 09:20:29 PM (GMT-7)",Success,Jul 20 2025 09:20:29 PM (GMT-7),"FD7A
…
2F45
22,047,193
0x53
…
094f","1,457.54",USDT,FD7A82CF62B0419CFA6BD6DDD95E0072CDDE900F06B77179F82ED78478672F45,Swap
"9BDA
…
AA37
22,044,207
0x48
…
1ec5
bc1q
…
a2ha",937220442070481512,0x48d330afea7fb9bf4185729aff8c0780b6901ec5,0.14,ETH,"9BDA
…
AA37
22,044,207
0x48
…
1ec5
bc1q
…
a2ha
	
Swap
	
0.14
ETH
0.00443615
BTC
	
Success
	
Jul 20 2025 04:19:43 PM (GMT-7)",Success,Jul 20 2025 04:19:43 PM (GMT-7),bc1qzepqm0g7szawuykqjadzcsj5utx82c92u0a2ha,0.00443615,BTC,9BDA3E3E9C4B3795A0E6D6A4E181A9A78226D9B8E33B6D952EC68A8290A5AA37,Swap
"B0E0
…
2233
22,044,093
0x3d
…
dd3a
thor
…
v3r8",0022332204409303338,0x3d504949ca5ff1143caca57d75ead1179ba1dd3a,,,"B0E0
…
2233
22,044,093
0x3d
…
dd3a
thor
…
v3r8
	
Add
	
2
DAI
ETH.DAI
	
Success
	
Jul 20 2025 04:08:17 PM (GMT-7)",Success,Jul 20 2025 04:08:17 PM (GMT-7),thor1ycgzfpcz93qa0xc392xgk75lfee5vdc59hv3r8,,,B0E051CE18CF1E9F9D77F65FCF5469418F282F590631A665556A550B547F2233,Add
"89ED
…
9E3E
22,044,068
thor
…
v3r8
0x3d
…
dd3a",89932204406838033,thor1ycgzfpcz93qa0xc392xgk75lfee5vdc59hv3r8,,,"89ED
…
9E3E
22,044,068
thor
…
v3r8
0x3d
…
dd3a
	
Add
	
1.17685764
RUNE
ETH.DAI
	
Success
	
Jul 20 2025 04:05:46 PM (GMT-7)",Success,Jul 20 2025 04:05:46 PM (GMT-7),0x3d504949ca5ff1143caca57d75ead1179ba1dd3a,,,89EDA22BA300748C8629A6EA209F9191A5D27CBBAEFE5158032DD897B73A9E3E,Add
"2887
…
A2B5
22,043,268
qz4w
…
p36q
thor
…
s7zy",288725220432684367,qz4wekr0fjghr59x3n6ydpe5shvu8mztdsz0wap36q,0.0066,BCH,"2887
…
A2B5
22,043,268
qz4w
…
p36q
thor
…
s7zy
	
Swap
	
0.0066
BCH
2.08207217
RUNE
	
Success
	
Jul 20 2025 02:45:18 PM (GMT-7)",Success,Jul 20 2025 02:45:18 PM (GMT-7),thor1ka797qapnr7gzvvezwrshzqtj9gr3y6sw5s7zy,2.08207217,RUNE,288776EADEB0E56D53CD0CBCD066567CF23402E04680303979EE40FA9FBDA2B5,Swap
"A7CC
…
79B1
22,043,040
34ib
…
susi
0x38
…
CAEC",77912204304034038,34ibz2gpm3mc6kcbxz7fttwnhbamjrsusi,0.005,BTC,"A7CC
…
79B1
22,043,040
34ib
…
susi
0x38
…
CAEC
	
Swap
	
0.005
BTC
574.874798
USDC
	
Success
	
Jul 20 2025 02:22:14 PM (GMT-7)",Success,Jul 20 2025 02:22:14 PM (GMT-7),0x3814b7425feE93c345Ab8593b5335CC1CcA9CAEC,574.874798,USDC,A7CCF11C73B5F715AEF4FC243E2141D3A06DB3D3D0BF016183414EF87E2479B1,Swap
"0A46
…
604D
22,042,815",0466042204281502541,0x25da49f84ce295da3f1ef2b5614897b3bdb4e41b,"1,000",USDT,"0A46
…
604D
22,042,815
0x25
…
e41b
	
Swap
	
1,000
USDT
999.11680705
USDT
	
Pending
	
Jul 20 2025 01:59:37 PM (GMT-7)",Pending,Jul 20 2025 01:59:37 PM (GMT-7),"0A46
…
604D
22,042,815
0x25
…
e41b",999.11680705,USDT,0A46D780F9DBEEAED50A6DC6D2F7654BDB1F98F6DA3E4F88DF9AB292DB48604D,Swap
"B7F8
…
6049
22,042,032
thor
…
p28e
bc1q
…
j0e9",7860492204203228109,thor18cupguarfrlgfyjz6qpjrkmr5umf8ftgwpp28e,10.3,RUNE,"B7F8
…
6049
22,042,032
thor
…
p28e
bc1q
…
j0e9
	
Swap
	
10.3
RUNE
0.00013895
BTC
	
Success
	
Jul 20 2025 12:40:32 PM (GMT-7)",Success,Jul 20 2025 12:40:32 PM (GMT-7),bc1qfrexq47f4625ul4f0mdlu9f5xpw6cs3c2kj0e9,0.00013895,BTC,B7F8D63A945203D59A102F54296D5A779841583F19B5CF848DE9C2AF6FC06049,Swap
"E900
…
7589
22,041,648
thor
…
p28e
bc1q
…
j0e9",90075892204164828109,thor18cupguarfrlgfyjz6qpjrkmr5umf8ftgwpp28e,"11,816.73",TCY,"E900
…
7589
22,041,648
thor
…
p28e
bc1q
…
j0e9
	
Swap
	
11,816.73
TCY
0.02164554
BTC
	
Success
	
Jul 20 2025 12:01:41 PM (GMT-7)",Success,Jul 20 2025 12:01:41 PM (GMT-7),bc1qfrexq47f4625ul4f0mdlu9f5xpw6cs3c2kj0e9,0.02164554,BTC,E9001EFB24BB6E6F5A12A1B3B6551F21C9B6DF3336DD4C6D14F4323ADBB87589,Swap
"F7F4
…
BDBF
22,041,308
0x17
…
0076
cosm
…
zfa5",742204130801700765,0x17af7fd6eb8d414be10296dcac9b922d9c9f0076,876.51716809,FOX,"F7F4
…
BDBF
22,041,308
0x17
…
0076
cosm
…
zfa5
	
Swap
	
876.51716809
FOX
5.337686
ATOM
	
Success
	
Jul 20 2025 11:27:26 AM (GMT-7)",Success,Jul 20 2025 11:27:26 AM (GMT-7),cosmos1dzj5zlxchely94sah3gje4rnxetajjjv6lzfa5,5.337686,ATOM,F7F493654D10A72257DE63086103CECA9A23CFB74960AC1F1549E3547160BDBF,Swap
"8331
…
6F0E
22,041,086
0x55
…
df5f
bc1q
…
yuq8",83316022041086055518,0x55e9f277dc00223425032655b1e7276115ebdf5f,0.10275676,WBTC,"8331
…
6F0E
22,041,086
0x55
…
df5f
bc1q
…
yuq8
	
Swap
	
0.10275676
WBTC
0.10208712
BTC
	
Success
	
Jul 20 2025 11:05:02 AM (GMT-7)",Success,Jul 20 2025 11:05:02 AM (GMT-7),bc1qnq0kjgk2w8yrayxtvvetmv8kfpwj5aexvdyuq8,0.10208712,BTC,83319ECFFD7775E562B41695DA84E14C38F4CD4E78D75DACCF6B35CF73A66F0E,Swap
"8C60
…
FEDF
22,040,863
0x55
…
df5f
bc1q
…
qtv7",86022040863055517,0x55e9f277dc00223425032655b1e7276115ebdf5f,0.001,WBTC,"8C60
…
FEDF
22,040,863
0x55
…
df5f
bc1q
…
qtv7
	
Swap
	
0.001
WBTC
0.00098052
BTC
	
Success
	
Jul 20 2025 10:42:30 AM (GMT-7)",Success,Jul 20 2025 10:42:30 AM (GMT-7),bc1qttge8pu2atnhpvw92dx8uhh7v0kv98wyufqtv7,0.00098052,BTC,8C60A6636C396E5D40BCE647511AA3DC95496F7AD76380DCB12494BBF794FEDF,Swap
"EBC4
…
8CFD
22,040,292
0x36
…
4bbc
bc1q
…
wxfu",482204029203641,0x3605aee504c72b6eac750332d7390004804a4bbc,18.63,ETH,"EBC4
…
8CFD
22,040,292
0x36
…
4bbc
bc1q
…
wxfu
	
Swap
	
18.63
ETH
0.5935899
BTC
	
Success
	
Jul 20 2025 09:44:39 AM (GMT-7)",Success,Jul 20 2025 09:44:39 AM (GMT-7),bc1q87s4fly9fyzjghz6ggz39chmtfe9r9697hwxfu,0.5935899,BTC,EBC4B25546CDF9BBF8264BED14F03B3F1E3323BECDE1E86A02A53AD380C88CFD,Swap
"1C3A
…
FD92
22,040,243
0x36
…
4bbc
bc1q
…
wxfu",13922204024303641,0x3605aee504c72b6eac750332d7390004804a4bbc,0.01323886,ETH,"1C3A
…
FD92
22,040,243
0x36
…
4bbc
bc1q
…
wxfu
	
Swap
	
0.01323886
ETH
0.00040226
BTC
	
Success
	
Jul 20 2025 09:39:38 AM (GMT-7)",Success,Jul 20 2025 09:39:38 AM (GMT-7),bc1q87s4fly9fyzjghz6ggz39chmtfe9r9697hwxfu,0.00040226,BTC,1C3A88E24DC90AF2227F248A36E11998C547022887748163676F78DAB8A6FD92,Swap
